ID;x-coordinate;y-coordinate;cell_x;cell_y;municipality;purpose;2013;2014;2015;2016;2017;2018;2019;2020;2021;2022;2023;annual_average;layer;Name
;419546.58;5315407.262;464;210;Freiburg im Breisgau;Badenova WW Ebnet;;2498831;2544800;2340926;3245011.88;2691633.51;2655796.98;3044074.19;2474499;2357106;2995339;7355.62126;2;
;419535.587;5315270.315;464;212;Freiburg im Breisgau;Badenova WW Ebnet;;2234277;2677791.1;2724022;3810099.18;3158564.68;3576780.05;3351621.19;3098360;3103252;2876813;8386.734301;2;
;399150.973;5311884.807;56;280;Bad Krozingen;Badenova WW Hausen;;1730880;2130850;1485280;1490400;1898700;1319790;1611050;1689250;1759758;1774370;4627.487123;2;
;420206.856;5314304.565;477;232;Kirchzarten;Badenova WW Ebnet;;475641;557943;256678.4;341699.39;474575.63;482945.87;247268.21;551821.52;470354.19;271310.1;1131.571863;3;
;419601.566;5315035.405;465;217;Freiburg im Breisgau;Badenova WW Ebnet;;1514885;1254783;1377995;1148650;1450379;1594418.67;1330563.07;1787528.68;1429786.33;1615526.16;3973.839699;2;
;421155.927;5312713.324;496;264;Kirchzarten;Badenova WW Ebnet;;437969;459746;238482;344239;282981;107720.8;99924;76164.5;297198.9;184174.2;692.7669589;3;
;399660.944;5312608.625;66;266;Bad Krozingen;Badenova WW Hausen;;2484880;2033040;2150430;2185710;2560010;1709274;2105920;1667900;1988700;1721290;5645.795616;2;
;419626.563;5314642.561;465;225;Kirchzarten;Badenova WW Ebnet;;622071;596765;634036;517829;401141;407061;84346;638937.56;542515.95;284479;1295.666164;3;
;399577.519;5312482.069;64;268;Bad Krozingen;Badenova WW Hausen;;2472540;2436150;2139520;2063370;2745140;1646690;2133820;1493149;2079890;1720340;5734.413425;2;
;399320.965;5312294.489;59;272;Bad Krozingen;Badenova WW Hausen;;800350;1837550;1437110;1556270;1987870;1348190;1725670;1532610;1996140;1751690;4376.287671;2;
;419308.689;5314492.622;459;228;Kirchzarten;Badenova WW Ebnet;;621951;704776;896949;336060;502426;540266;515662;486991;362794;349476;1456.808493;3;
;399496.947;5312359.225;63;271;Bad Krozingen;Badenova WW Hausen;;1468460;1260860;1138670;1152470;1383680;886230;1332130;1501580;1511550;1694510;3652.093151;2;
;400734.188;5312953.674;88;259;Bad Krozingen;Badenova WW Hausen;;0;0;787056;875925;322217;2506659;2276472;2007924;1811839;2004300;4312.463014;2;
11/170-2;427199.58;5316368.91;617;190;Buchenbach;oeffentliche Wasserversorgung;36254;31653;25107;25654;17931;15833;13057;8706;2367;10419;11572;49.45287671;3;
110/169-5;432763.41;5318276.18;728;152;Sankt Maergen;oeffentliche Wasserversorgung;112491;76181;73331;94240;79796;84447;77931;64660;64385;68760;59493;213.129589;2;
13/119-6;417373.42;5319298.71;420;132;Gundelfingen;oeffentliche Wasserversorgung;541;654;609;675;588;531;497;511;372;382;460;1.449589041;2;
13/120-5;423272.08;5307496.45;538;368;Oberried;oeffentliche Wasserversorgung;174686;123140;120244;149984;89193;121910;125404;138109;147846;105183;126561;354.2367123;3;
14/119-1;417386.41;5319667.56;421;125;Gundelfingen;oeffentliche Wasserversorgung;778;854;906;993;963;953;1112;893;478;633;647;2.293972603;2;
142/020-1;399336.67;5310472.27;60;308;Hartheim am Rhein;Kuehlwasserversorgung;203351;145392;148318;183178;187248;259009;263368;213450;220245;233940;208428;564.3654795;2;
146/121-0;417370.42;5305357.35;420;411;Oberried;oeffentliche Wasserversorgung;19884;20759;23607;25198;21527;24230;23171;22041;23060;24338;24717;62.89726027;3;
147/121-6;421531.77;5304910.51;504;420;Oberried;oeffentliche Wasserversorgung;7704;8694;6989;7898;7936;9539;8590;8541;8333;8574;7745;22.55123288;3;
155/070-2;411904.62;5309157.77;311;335;Soelden;oeffentliche Wasserversorgung;104719;91305;83489;83084;69546;64714;58059;63335;84702;61615;67233;207.1734247;2;
159/121-3;422055.59;5303114.25;514;456;Oberried;Eigenwasserversorgung;728;725;667;613;869;893;623;671;489;391;545;1.796712329;3;
171/171-0;433288.18;5305055.43;739;417;Hinterzarten;oeffentliche Wasserversorgung;27828;77729;114091;144460;103074;111966;133307;117091;143964;130673;159234;314.6742466;2;
185/020-3;398170.11;5314041.83;36;237;Breisach am Rhein;Kuehlwasserversorgung;17283;18064;25569;11816;15366;14358;15431;16343;13806;14355;19488;45.3;2;
187/020-4;399300.66;5314830.52;59;221;Breisach am Rhein;Beregnung;11040;9590;27520;18970;29235;44330;10240;33370;0;26440;33690;60.87808219;2;
188/020-0;399749.5;5313337.13;68;251;Bad Krozingen;Beregnung;10046;3978;8295;12871;14062;16358;7886;20223;0;20280;15410;32.23150685;2;
19/170-6;425540.23;5310271.32;584;312;Buchenbach;oeffentliche Wasserversorgung;92989;86591;76170;96270;81201;79079;107998;91333;109589;85244;74178;244.2446575;3;
191/020-8;398689.91;5313138.2;47;255;Breisach am Rhein;Eigenwasserversorgung;116;150;232;264;247;315;348;475;433;413;421;0.850410959;2;
192/020-3;400204.31;5314162.81;77;235;Breisach am Rhein;Beregnung;0;2470;0;0;0;0;0;0;0;0;0;0.615068493;2;
194/020-4;398873.83;5314752.56;50;223;Breisach am Rhein;Beregnung;8362;3849;15755;14563;7542;9451;17482;12919;3897;19074;10722;30.78849315;2;
196/020-5;398078.15;5313900.89;34;240;Breisach am Rhein;Beregnung;8950;9580;6540;11670;12930;15280;11630;13240;10900;10730;17320;32.07232877;2;
197/020-0;399124.75;5313598.02;55;246;Breisach am Rhein;Beregnung;4068;2306;12429;3400;6150;25100;6500;6050;0;16000;36336;29.47424658;2;
2/070-7;400716.13;5310329.33;87;311;Bad Krozingen;Beregnung;14523;6736;21686;15928;22213;39549;21234;19832;1509;30825;27948;55.28849315;2;
2/071-0;406524.77;5305039.45;203;417;Staufen im Breisgau;Wasserhaltung;580;450;450;268;192;221;87;336;125;154;242;0.773424658;2;
20/071-1;404724.48;5304710.6;167;424;Staufen im Breisgau;Brauchwasserversorgung Industrie/Gewerbe;23;1;48;0;0;0;6;3563;7;0;1;0.908767123;2;
2000/020-4;398115.13;5314597.61;35;226;Breisach am Rhein;Brauchwasserversorgung Industrie/Gewerbe;631525;734931;550630;398337;451860;388130;345040;342300;310700;54340;57760;1062.40411;2;
2002/119-0;415784.08;5322886.33;389;60;Gundelfingen;Beregnung;5403;6591;5291;5696;7433;5622;7693;8299;8055;7133;6869;18.45205479;2;
2003/020-0;398275.1;5309874.53;38;320;Hartheim am Rhein;Beregnung;88375;38632;111885;93507;95793;152734;109780;139159;72589;88094;141593;281.9778082;2;
2003/070-9;401498.81;5310784.16;103;302;Bad Krozingen;Kuehlwasserversorgung;25532;27950;25316;19810;22146;18534;21464;16074;20238;23788;30316;62.55753425;2;
2004/020-6;398283.09;5310894.11;39;300;Hartheim am Rhein;Brauchwasserversorgung Industrie/Gewerbe;44077;36377;36297;32531;67045;84067;77921;56326;87054;115511;74109;177.1643836;2;
2004/070-4;406229.9;5308647.01;197;345;Ehrenkirchen;Brauchwasserversorgung Industrie/Gewerbe;1220;459;702;335;744;908;1017;1454;971;1289;770;2.458082192;2;
2005/020-1;398145.15;5309904.52;36;320;Hartheim am Rhein;Brauchwasserversorgung Industrie/Gewerbe;76633;66332;53773;92497;105004;153170;135655;135434;110644;123895;117813;291.6189041;2;
2008/119-3;415773.07;5320800.13;388;102;Gundelfingen;Beregnung Sport- und Freizeitanlagen;2166;1021;951;2049;3057;1974;1621;2057;1402;2806;2237;5.315342466;2;
2013/071-8;411739.69;5299690.62;308;524;Muenstertal/ Schwarzwald;oeffentliche Wasserversorgung;24913;24476;22982;25296;26315;24522;31000;28602;33938;25326;26352;73.15616438;2;
2017/020-9;398383.03;5314482.66;41;228;Breisach am Rhein;Beregnung;7868;9760;33540;32850;27505;43390;29300;28440;5460;52860;45700;78.87260274;2;
2020/169-0;432691.44;5318086.26;727;156;Sankt Maergen;Eigenwasserversorgung;1447;1365;366;565;720;940;595;240;466;0;93;1.692876712;2;
2021/169-6;428563.03;5319420.68;644;129;Sankt Peter;Eigenwasserversorgung;1889;1518;1604;1615;1630;1423;1358;1000;1084;1246;1198;3.876712329;2;
2026/170-2;432486.47;5314402.71;723;230;Sankt Maergen;Eigenwasserversorgung;396;458;444;416;417;409;432;475;273;304;336;1.086027397;2;
203/020-9;398005.17;5315212.37;33;214;Breisach am Rhein;Betriebswasserversorgung mit Trinkwasserqualitaet;1645;1647;13661;4099;3230;2669;352;667;669;15354;3254;11.76767123;2;
2030/170-6;434856.54;5313191.19;770;254;Sankt Maergen;Eigenwasserversorgung;319;335;388;408;448;374;400;418;534;490;484;1.145205479;2;
2031/071-0;411592.75;5302642.43;305;465;Muenstertal/ Schwarzwald;oeffentliche Wasserversorgung;46631;32858;37458;29405;36405;34410;25632;25601;29038;21102;22986;85.06246575;2;
2032/071-5;404561.55;5303615.03;164;446;Staufen im Breisgau;Waermepumpe (Entnahmestelle) ausgefuehrt;1149;4860;5352;2420;4993;4406;4385;6445;5438;5807;4875;12.48575342;2;
2039/170-5;427703.36;5313061.24;627;257;Buchenbach;oeffentliche Wasserversorgung;23503;17731;19189;22001;8912;11626;5312;3038;10198;4384;5350;32.68849315;3;
2043/071-7;405201.3;5303926.9;177;439;Staufen im Breisgau;Schadensfallerkundung/-sanierung;54113;51343;42483;36970;35532;30777;28435;24653;22296;20307;16601;90.53808219;2;
2044/071-2;405229.29;5303913.9;177;440;Staufen im Breisgau;Schadensfallerkundung/-sanierung;71827;59330;42447;30961;24197;16377;14439;15491;15889;20429;14075;81.06164384;2;
2048/020-3;398686.92;5311080.04;47;296;Hartheim am Rhein;Beregnung;13870;11740;41190;30040;33250;40710;41770;37580;41500;74590;12.6;91.22109589;2;
2050/071-7;411584.75;5302648.43;305;465;Muenstertal/ Schwarzwald;oeffentliche Wasserversorgung;369144;352338;312325;346400;348357;313901;378004;354090;379136;334423;342827;954.1580822;2;
2057/020-4;400000.41;5308055.24;73;357;Bad Krozingen;Beregnung;69507;39864;127659;91379;120247;128062;134553;175549;102539;203126;179393;341.6882192;2;
206/020-5;398753.88;5312706.38;48;264;Breisach am Rhein;Beregnung;26010;11360;17910;20100;26460;28370;9410;9900;1140;28250;2124;45.08931507;2;
2065/020-0;400193.31;5306481.86;77;388;Bad Krozingen;Beregnung;5928;1652;6585;3349;7214;11903;10906;10492;3074;7181;6538;18.63561644;2;
2069/020-1;398780.89;5307818.32;48;362;Bad Krozingen;Beregnung;60816;41982;131046;111736;84971;159632;106784;126403;54119;120713;112923;276.7435616;2;
207/020-0;398974.81;5314091.82;52;236;Breisach am Rhein;Beregnung;23287;5550;6750;20500;20500;18800;5280;8624.021;3850;10968;27306;37.71232877;2;
2070/020-9;398857.86;5307985.26;50;358;Bad Krozingen;Beregnung;105798;13573;136234;107720;82442;171667;116183;115593;29307;162842;105987;285.7649315;2;
2092/020-2;397914.21;5314812.53;31;222;Breisach am Rhein;Betriebswasserversorgung mit Trinkwasserqualitaet;50;89;37;61;52;87;60;59;48;46;47;0.158356164;2;
2093/020-8;397831.24;5314833.52;29;221;Breisach am Rhein;Brauchwasserversorgung Industrie/Gewerbe;180;128;210;244;387;323;505;703;404;228;272;0.89260274;2;
2095/020-9;397803.28;5310545.25;29;307;Hartheim am Rhein;Waermepumpe (Entnahmestelle) ausgefuehrt;12522;9224;11540;11163;12259;13654;12567;12145;12743;17678;21000;36.48684932;2;
2101/020-7;400330.27;5314979.45;79;218;Breisach am Rhein;Waermepumpe (Entnahmestelle) ausgefuehrt;6995;6500;6320;6635;5600;6067;7133;5900;7100;1626;6704;16.58273973;2;
2104/020-3;398487;5310980.08;43;298;Hartheim am Rhein;Brauchwasserversorgung Industrie/Gewerbe;1026;688;531;524;566;420;451;366;264;602;734;1.537260274;2;
2106/020-4;398697.92;5309958.5;47;319;Hartheim am Rhein;Waermepumpe (Entnahmestelle) ausgefuehrt;32197;24352;39977;26979;27901;31366;37745;22996;27316;28655;32397;82.66027397;2;
2125/020-1;396964.63;5309926.49;12;319;Hartheim am Rhein;Waermepumpe (Entnahmestelle) ausgefuehrt;;3042;3291;2893;4260;2762;2033;2224;2119;2611;1798;7.40630137;2;
223/020-1;398684.93;5307805.33;47;362;Bad Krozingen;Beregnung;18590;26090;3510;3100;27230;6210;6690;1590;11130;57110;88190;62.12712329;2;
225/020-2;398447.02;5307485.45;42;368;Hartheim am Rhein;Beregnung;44811;2879;65633;37251;43813;103788;62047;58029;3095;107522;54058;145.1871233;2;
23/069-6;407190.5;5320747.14;217;103;Umkirch;Beregnung;3350;10274;9337;2933;3878;15689;8660;19695;752;16275;2219;23.17863014;2;
23/170-0;430778.14;5309735.57;688;323;Breitnau;oeffentliche Wasserversorgung;12705;22891;29060;28403;22719;38288;26421;27265;19615;21958;23879;68.04575342;2;
231/020-7;397524.4;5311116.01;23;296;Hartheim am Rhein;Beregnung;35120;1505;81915;63950;45380;84420;50460;40150;32100;78080;76750;146.9065753;2;
233/020-8;398123.15;5310995.07;35;298;Hartheim am Rhein;Beregnung;28075;7665;8870;47750;45380;60360;12937;19013;8100;44199;52331;83.35753425;2;
234/020-3;397089.57;5310365.31;15;311;Hartheim am Rhein;Beregnung Sport- und Freizeitanlagen;3364;2192;3218;3000;451;2500;2812;7551;0;605;1144;6.684109589;2;
24/069-1;407531.36;5320211.35;223;114;Umkirch;Waermepumpe (Entnahmestelle) ausgefuehrt;10933;8346;9723;12475;9498;9148;9729;8810;10381;6807;2966;24.61178082;2;
24/071-3;405683.14;5302737.4;187;463;Staufen im Breisgau;Badewasserversorgung (Schwimmbad);1598;2185;1800;2636;1919;2187;3332;775;2326;2556;2115;5.835342466;2;
253/120-5;421916.64;5312358.47;511;271;Kirchzarten;oeffentliche Wasserversorgung;58270;72940;125272;109346;179841;63359;73810;58439;45310;87361;20370;222.7441096;3;
26/069-2;407907.2;5320103.39;231;116;Umkirch;Beregnung;5870;13016;10915;9006;7909;12712;9539;10885;5647;11588;7698;26.09835616;2;
265/120-2;422526.41;5314180.73;523;234;Kirchzarten;oeffentliche Wasserversorgung;57815;110460;86325;57079;62202;0;0;30437;27215;69304;85709;146.0887671;3;
266/120-8;422507.42;5314143.74;523;235;Kirchzarten;oeffentliche Wasserversorgung;158784;183354;166400;184340;172489;240125;213344;187326;181865;151262;122734;488.6731507;3;
27/069-8;408590.92;5323828.92;245;41;March;Beregnung;849;1500;2621;1719;1475;2625;652;0;0;0;0;2.849589041;2;
273/070-1;409527.58;5308850.9;263;341;Bollschweil;Reine Beobachtungsstelle;131130;129020;112370;118480;96840;101680;90850;87050;125480;96352;98911;295.9309589;2;
276/070-8;408211.11;5308475.06;237;348;Bollschweil;Brauchwasserversorgung Industrie/Gewerbe;9291;9861;12255;9747;10431;12654;7524;4845;4959;7239;12350;25.19452055;2;
277/070-3;403657.93;5311303.94;146;292;Schallstadt;Beregnung;5972;5919;10655;6515;5775;13052;7224;9495;4026;6417;5081;19.95780822;2;
29/071-0;405226.29;5303526.07;177;447;Staufen im Breisgau;Waermepumpe (Entnahmestelle) ausgefuehrt;5500;5200;5446;6430;5870;5870;6330;5550;6850;5200;4440;15.61287671;2;
290/120-4;414708.49;5309064.82;367;337;Horben;oeffentliche Wasserversorgung;46666;54696;50360;63965;55119;57727;58288;50023;62921;42693;49914;147.539726;2;
3/070-2;404702.52;5313493.07;167;248;Schallstadt;Beregnung;9;13;22;15;9;7;7;69;54;92;33;0.082191781;2;
30/020-7;397890.23;5312620.41;31;265;Breisach am Rhein;Beregnung;25077;16647;33965;22712;16200;40006;34680;41596;36644;54105;28546;87.21753425;2;
307/070-6;404182.71;5307865.33;157;361;Ehrenkirchen;Beregnung;352;256;268;298;322;264;167;133;162;182;165;0.639726027;2;
308/070-1;405415.22;5307850.32;181;361;Ehrenkirchen;Beregnung Sport- und Freizeitanlagen;530;667;733;351;533;952;537;943;859;901;962;1.984657534;2;
31/020-2;398684.93;5308295.14;47;352;Bad Krozingen;Beregnung;10012;4307;8740;6955;18378;22925;16863;15632;7444;19844;7997;34.64438356;2;
32/071-9;404780.46;5304832.55;168;421;Staufen im Breisgau;Brauchwasserversorgung Industrie/Gewerbe;12963;5965;3983;9190;9833;12221;4484;8542;3855;8173;3776;20.66876712;2;
3209/119-1;415939.02;5322733.39;392;63;Gundelfingen;Beregnung;1940;1438;2939;2202;1338;3825;1649;3572;636;4902;2674;6.753424658;2;
3223/119-1;416490.81;5321131;403;95;Gundelfingen;oeffentliche Wasserversorgung;267571;195586;185386;202212;120599;123378;126991;104477;176254;90260;116133;425.6156164;2;
34/170-1;432171.6;5310064.44;716;317;Breitnau;oeffentliche Wasserversorgung;67602;55949;53877;58899;55737;44991;58574;49482;54722;53470;56265;151.8227397;2;
35/120-9;422445.43;5308555.02;522;347;Oberried;oeffentliche Wasserversorgung;115379;119549;117912;113549;111945;120506;129559;109262;102714;111167;103759;312.6528767;3;
353/120-2;414484.56;5307251.55;363;373;Bollschweil;oeffentliche Wasserversorgung;20565;18493;19930;18590;18200;20226;25044;20798;22576;22595;22282;57.11068493;2;
36/170-2;431002.06;5311333.93;693;291;Breitnau;Eigenwasserversorgung;1316;655;742;560;423;323;466;197;185;232;282;1.340273973;2;
380/069-0;406368.8;5323468.08;200;49;Gottenheim;oeffentliche Wasserversorgung;131420;120470;150350;147180;153330;151450;163490;171310;170250;147370;141025;410.3723288;2;
40/020-3;399318.67;5308094.22;59;356;Bad Krozingen;oeffentliche Wasserversorgung;15102;16166;16450;22895;22460;23026;38925;74587;72791;75245;87714;115.9054795;2;
4004/070-0;402017.57;5307180.6;113;374;Bad Krozingen;Beregnung;3697;2238;23691;4695;8214;12596;13482;14988;2533;7608;9657;25.75315068;2;
4005/070-6;402427.43;5307422.5;121;369;Bad Krozingen;Beregnung;8035;5638;14037;14362;14012;9055;12000;13934;0;7592;6957;26.30684932;2;
4006/070-1;403762.86;5306146.01;148;395;Bad Krozingen;Beregnung;0;0;0;1140;0;0;5531;8117;0;4244;3414;5.590410959;2;
4007/070-7;403023.19;5309474.67;133;328;Bad Krozingen;Beregnung;5953;3910;3278;2497;3239;2445;1702;292;3494;5787;6042;9.623561644;2;
4013/070-1;412705.3;5309532.63;327;327;Wittnau;oeffentliche Wasserversorgung;42179;53806;39734;27685;17213;20818;12409;13345;19418;16743;16989;69.8230137;2;
4015/070-2;412243.48;5309999.45;318;318;Wittnau;oeffentliche Wasserversorgung;20986;15555;10736;13217;9359;6859;6571;6270;5548;6734;1576;25.75616438;2;
4048/070-8;401180.93;5310313.35;96;312;Bad Krozingen;Beregnung;87370;36990;147030;111895;106155;200150;126340;160350;59040;183470;135180;337.2279452;2;
4049/070-3;402833.27;5307880.32;130;360;Bad Krozingen;nicht ueberprueft;61907;64956;73124;;77828;44837;34654;28977;55852;32196;27179;137.4;2;
4050/070-0;403061.16;5308832.93;134;341;Bad Krozingen;Brauchwasserversorgung Landwirtschaft;3762;3866;3402;4064;3906;4252;2202;3434;3995;3775;4722;10.30630137;2;
4051/070-6;401675.72;5306723.78;106;383;Bad Krozingen;Beregnung;3629;625;10081;12616;14742;9700;9652;11154;1868;1730;10284;21.43972603;2;
4053/070-7;400344.24;5306006.05;80;398;Bad Krozingen;Beregnung;330;290;300;180;143;312;1345;2050;2880;2910;1816;3.12739726;2;
4060/070-7;403358.03;5311798.75;140;282;Schallstadt;Beregnung;400;505;;7438;11443;121;189;6377;17970;24410;28353;26.63178082;2;
4064/070-9;403037.16;5306651.79;134;385;Bad Krozingen;Kuehlwasserversorgung;85322;106938;101577;106698;107404;103902;98661;105428;113873;112873;104767;285.7890411;2;
4066/070-0;401989.61;5310351.34;113;311;Bad Krozingen;Waermepumpe (Entnahmestelle) ausgefuehrt;42851;55132;46801;58879;54297;51164;42442;39067;34451;32301;29759;121.3309589;2;
4068/070-0;402308.45;5312735.4;119;263;Schallstadt;Beregnung;781;1712;349;0;0;0;0;2460;0;0;0;1.320547945;2;
4087/070-8;402495.39;5310299.37;123;312;Bad Krozingen;Waermepumpe (Entnahmestelle) ausgefuehrt;1953;1695;1572;1576;1748;1498;1469;1326;1431;1370;1296;4.217808219;2;
4093/070-2;403056.15;5306686.78;134;384;Bad Krozingen;Waermepumpe (Entnahmestelle) ausgefuehrt;7900;5725;4574;9065;5722;8860;6725;7717;9459;15657;8539;22.40164384;2;
4095/070-3;402491.15;5307443.96;123;369;Bad Krozingen;Beregnung;6056;6400;32061;14800;14851;14881;14400;14875;2078;3801;7008;32.68027397;2;
4096/070-9;406582.75;5307384.51;205;370;Ehrenkirchen;Waermepumpe (Entnahmestelle) ausgefuehrt;4761;5064;5490;5634;4905;4593;4629;4299;5535;4236;4512;13.36438356;2;
41/020-9;399373.65;5308068.23;60;357;Bad Krozingen;oeffentliche Wasserversorgung;26596;30717;26808;22470;22061;21824;21480;0;0;86553;239421;124.0175342;2;
41/071-0;410482.21;5301745.79;283;483;Muenstertal/ Schwarzwald;Eigenwasserversorgung;7100;6199;6473;6857;7104;8002;7287;5499;5911;6080;6026;18.06684932;2;
4108/070-0;405329.26;5308161.21;179;355;Ehrenkirchen;Waermepumpe (Entnahmestelle) ausgefuehrt;3400;2250;3675;5315;5010;3300;4700;3500;4050;3900;4280;10.80438356;2;
4110/070-2;403483.99;5312649.43;143;265;Schallstadt;Beregnung;5912;8733;11554;5994;7458;11335;6231;15211;6744;8855;6584;23.56438356;2;
4111/070-8;406633.74;5307456.48;206;369;Ehrenkirchen;Waermepumpe (Entnahmestelle) ausgefuehrt;2680;2350;2693;2528;2502;2083;1792;1856;1861;1737;1804;5.949315068;2;
4125/070-6;412535.4;5313216.14;324;254;Merzhausen;Waermepumpe (Entnahmestelle) ausgefuehrt;;54166;30351;18136;21909;26283;17660;998;15653;21119;20703;62.18575342;2;
4129/070-8;402596.35;5306970.68;125;378;Bad Krozingen;Beregnung Sport- und Freizeitanlagen;;31;22;1;4;0;0;0;0;0;0;0.015890411;2;
4130/070-5;402614.34;5306947.69;125;379;Bad Krozingen;Beregnung Sport- und Freizeitanlagen;;33;181;7;374;0;0;0;0;0;0;0.163013699;2;
4131/070-0;402569.36;5306912.7;124;380;Bad Krozingen;Beregnung Sport- und Freizeitanlagen;;33;0;3;0;0;0;0;0;0;0;0.009863014;2;
4134/070-7;407295.49;5309078.84;219;336;Ehrenkirchen;oeffentliche Wasserversorgung;412921;351644;304901;373339;286270;280504;256200;282870;263090;268307;210313;819.5164384;2;
42/020-4;399692.52;5308091.22;67;356;Bad Krozingen;Beregnung;1821;1631;1747;881;1037;1421;1110;1213;1158;1622;1745;3.832054795;2;
44/020-5;399874.44;5309464.68;70;329;Bad Krozingen;Beregnung;10914;7775;30005;4620;3900;20600;30600;29800;20750;36500;59100;63.40328767;2;
4412/069-6;409290.64;5322349.51;259;71;March;Beregnung;1418;1555;2203;2127;2476;2417;3192;2049;1707;2120;1936;5.778356164;2;
4414/069-7;405840;5320788.12;190;102;Umkirch;Beregnung;29160;11340;13780;7010;11100;27710;18100;7870;580;17980;13650;39.42219178;2;
4416/069-8;407861.2;5324378.7;230;30;March;Beregnung;970;1140;690;380;1160;1050;1020;1120;240;580;1720;2.508219178;2;
4418/069-9;407338.43;5320280.33;220;112;Umkirch;Bewaesserung;213;213;213;213;0;0;;8271;2389;2663;0;3.883561644;2;
4456/069-3;409610.52;5324096.82;265;36;March;Beregnung;4800;3600;8400;5200;5500;6700;5000;5000;4100;5900;4000;14.49561644;2;
4462/069-8;408361.02;5321284.92;240;92;Umkirch;Beregnung;12720;700;6390;3740;6280;11830;0;7120;610;0;6770;13.98767123;2;
4475/069-0;409592.52;5322268.54;265;72;March;Waermepumpe (Entnahmestelle) ausgefuehrt;0;0;0;5375;155791;141233;137575;149182;159875;106489;75908;231.9871233;2;
4476/069-6;409458.57;5322387.49;262;70;March;Waermepumpe (Entnahmestelle) ausgefuehrt;67600;68275;96103;99675;116039;115492;116185;66293;77719;122942;146984;272.3054795;2;
4477/069-1;407765.26;5320201.36;228;114;Umkirch;Waermepumpe (Entnahmestelle) ausgefuehrt;9276;8346;10691;11349;11026;10832;10703;11202;;10317;11240;28.76219178;2;
4491/069-1;409676.49;5322215.57;266;74;March;Waermepumpe (Entnahmestelle) ausgefuehrt;86453;81018;125876;111919;55491;95165;110945;112107;118809;102725;129864;281.5372603;2;
4492/069-7;409634.51;5322221.56;266;73;March;Waermepumpe (Entnahmestelle) ausgefuehrt;55327;66006;116791;110992;71389;65553;67629;87422;79314;51623;57871;206.7041096;2;
4493/069-2;409549.54;5322301.53;264;72;March;Waermepumpe (Entnahmestelle) ausgefuehrt;59527;77070;93641;111874;73248;64829;71714;67851;82181;51086;59680;202.4161644;2;
4495/069-3;409408.59;5322433.48;261;69;March;Waermepumpe (Entnahmestelle) ausgefuehrt;0;0;12982;125358;83613;76202;79473;104344;86680;58494;67455;173.0013699;2;
45/020-0;399776.48;5309044.85;68;337;Bad Krozingen;Beregnung;20955;11333;24215;24041;31170;33448;38526;38709;25548;42129;29200;79.52027397;2;
4511/069-8;407473.13;5319622.29;222;125;Umkirch;Notwasserversorgung;3037;284;616;203;653;111;201;166;251;103;139;1.435616438;2;
4516/069-5;410474.19;5324779.55;282;22;March;Waermepumpe (Entnahmestelle) ausgefuehrt;4553;2530;3027;4172;3392;3307;3074;3072;3268;2765;2363;8.847671233;2;
4522/069-0;407782.25;5320510.25;229;108;Umkirch;Waermepumpe (Entnahmestelle) ausgefuehrt;11182;10800;11038;11927;9061;8158;8947;13170;14706;12583;12136;30.81150685;2;
4526/069-1;407314.42;5321696.75;219;84;Umkirch;Waermepumpe (Entnahmestelle) ausgefuehrt;7620;13419;12160;105293;154954;124423;104490;111708;113148;149802;159520;263.1473973;2;
4532/069-6;408514.95;5323799.93;243;42;March;Waermepumpe (Entnahmestelle) ausgefuehrt;24702;20849;21179;23479;21648;22187;19644;16383;14306;16078;13411;53.26684932;2;
4536/069-8;405748.04;5322549.42;188;67;Gottenheim;Waermepumpe (Entnahmestelle) ausgefuehrt;12227;9963;11411;6009;11166;8976;10432;8988;9578;6939;7748;25.76273973;2;
4557/069-6;407474.36;5319626.59;222;125;Umkirch;oeffentliche Wasserversorgung;282643;284180;302083;304983;317695;320412;313723;323557;307796;304621;295497;836.1619178;2;
4563/069-0;407597.32;5321430.86;225;89;Umkirch;Kuehlwasserversorgung;476597;448706;448575;422512;434217;404955;263536;126473;144447;184537;148209;872.4194521;2;
4571/069-6;408906.81;5323521.04;251;47;March;Waermepumpe (Entnahmestelle) ausgefuehrt;104890;86186;107549;83557;90621;89004;98525;96451;53771;85792;86574;244.8120548;2;
4580/069-7;405910.98;5322821.32;191;61;Gottenheim;Bewaesserung;5421;6819;6180;5516;6862;9293;8387;10398;5893;12897;10369;21.92657534;2;
46/071-7;409920.44;5299728.56;271;523;Muenstertal/ Schwarzwald;;162360;166289;156102;136807;142428;145801;131626;132713;138755;142564;143724;398.2986301;2;
46/170-9;429009.84;5314772.57;653;222;Buchenbach;oeffentliche Wasserversorgung;57486;46416;42920;44963;39855;30773;34978;23267;45979;32331;43204;110.130137;3;
48/020-7;398786.89;5308542.04;49;347;Bad Krozingen;Beregnung;23833;17381;32088;25161;25088;51704;50476;57473;16260;59126;40584;99.42054795;2;
48/170-0;427950.26;5307014.65;632;378;Hinterzarten;Eigenwasserversorgung;1446;1515;1422;1370;1303;1209;1152;973;967;1022;1037;3.341369863;2;
4816/120-2;413678.92;5312668.35;346;265;Au;oeffentliche Wasserversorgung;20757;13062;9693;21546;5359;8093;3934;4368;6857;4309;4774;25.59205479;2;
4817/120-8;420761.09;5312408.46;488;270;Kirchzarten;Eigenwasserversorgung;144;152;219;185;148;126;139;134;128;102;105;0.393972603;3;
4820/120-6;423746.91;5308859.88;548;341;Oberried;oeffentliche Wasserversorgung;137297;135975;105631;141581;104937;117879;99631;110221;119089;117197;104666;322.3172603;3;
4828/120-0;421682.72;5312781.28;507;262;Kirchzarten;Waermepumpe (Entnahmestelle) ausgefuehrt;13899;2315;5998;2582;6798;6518;4198;4345;3888;4562;22346;19.28986301;3;
5/070-3;402868.24;5312095.62;130;276;Schallstadt;Eigenwasserversorgung;1561;2470;2009;2117;5468;4799;3376;4797;2328;3096;2541;8.608219178;2;
51/169-9;426623.79;5317281.54;605;172;Stegen;Eigenwasserversorgung;3264;4106;4162;4005;3808;4479;4245;2943;2531;3434;3742;10.14164384;3;
51/170-8;427209.55;5311966.67;617;279;Buchenbach;oeffentliche Wasserversorgung;48928;25377;0;10077;62055;30195;59744;36857;66202;40085;43460;105.349863;3;
58/070-1;402846.25;5306775.75;130;382;Bad Krozingen;Brauchwasserversorgung Industrie/Gewerbe;11885;13471;16871;17870;13360;17893;10941;13666;12692;16941;15827;40.20356164;2;
60/070-4;402310.47;5308091.23;119;356;Bad Krozingen;Thermalwassergewinnung;18444;14061;19592;12269;21678;23576;21352;21295;11373;15900;4565;45.85424658;2;
61/070-0;402313.47;5308150.21;119;355;Bad Krozingen;Thermalwassergewinnung;75418;74603;63732;72205;66217;54989;57244;59005;56540;68791;58900;176.250137;2;
62/070-5;403572.94;5305996.07;144;398;Bad Krozingen;Beregnung;13;48;93;70;70;10;9;11;6;89;122;0.134794521;2;
66/070-7;412484.39;5311813.71;323;282;Au;Brauchwasserversorgung Industrie/Gewerbe;15;19;9;131;119;138;142;138;136;137;108;0.272054795;2;
66/170-1;425512.21;5312762.34;583;263;Buchenbach;oeffentliche Wasserversorgung;142646;214214;298164;210692;261963;246430;163967;247411;161737;228188;203532;592.5139726;3;
67/020-4;397705.32;5312161.59;27;275;Hartheim am Rhein;Beregnung;9527;11048;33590;21300;26114;46446;30446;56762;26897;42973;33712;84.38739726;2;
67/070-2;400998.01;5309618.62;93;325;Bad Krozingen;Beregnung;50180;6448;27927;36610;44930;57652;46952;31009;22430;51778;36940;102.8284932;2;
68/070-8;402948.21;5306051.04;132;397;Bad Krozingen;Beregnung;1338;1350;1100;1120;1232;2079;602;411;1173;1235;2030;3.404657534;2;
69/020-5;399471.6;5311143;62;295;Hartheim am Rhein;Beregnung;57528;33148;79997;39740;64060;99347;114441;78612;40177;69885;57371;182.8906849;2;
69/170-8;435025.47;5313128.21;773;255;Sankt Maergen;Einzel-WV (Abgabe an Dritte), Wasserrecht erforderlich;219;248;182;244;268;270;204;204;224;173;;0.61260274;2;
7/020-6;398539.97;5312538.44;44;267;Hartheim am Rhein;Beregnung;55710;47370;81530;55660;64420;87110;62710;79410;44010;109390;84840;192.3189041;2;
70/020-2;399023.79;5309541.66;53;327;Hartheim am Rhein;Beregnung;45970;10000;80266;52589;47986;68637;46446;69080;30870;69291;54926;143.4772603;2;
70/169-6;428911.88;5319395.7;651;130;Sankt Peter;oeffentliche Wasserversorgung;96683;94605;92950;102534;126524;98940;91808;95648;101947;99556;91666;272.1945205;2;
7001/121-8;416737.67;5304721.61;408;423;Muenstertal/ Schwarzwald;Eigenwasserversorgung;2535;2880;2315;2154;2443;2264;2285;2625;1766;2539;3309;6.753424658;2;
7007/121-0;419779.45;5305492.27;468;408;Oberried;Betriebswasserversorgung mit Trinkwasserqualitaet;2050;2450;2271;2208;2344;2200;2187;1622;1616;1975;1927;5.691232877;3;
72/020-3;398345.06;5311793.74;40;282;Hartheim am Rhein;Beregnung;55969;34787;71063;64081;54350;101362;67363;68673;31148;69267;42804;164.5994521;2;
73/020-9;398240.11;5311519.86;38;287;Hartheim am Rhein;Beregnung;8638;12522;13805;9786;11250;26180;25180;36550;21660;24550;31200;55.12356164;2;
74/070-2;402166.52;5308110.23;116;356;Bad Krozingen;Kuehlwasserversorgung;54717;60472;68833;60402;60691;72930;77908;66748;102921;87575;68687;194.7408219;2;
75/020-0;398709.91;5311473.87;47;288;Hartheim am Rhein;Beregnung;75910;63000;84290;62340;71416;93644;65230;99820;38540;104210;96860;213.0161644;2;
75/070-8;402078.56;5308005.28;114;358;Bad Krozingen;Thermalwassergewinnung;44535;64303;57001;57601;54676;50139;53475;32793;30580;41514;53628;134.5567123;2;
76/020-5;398626.95;5310489.28;45;308;Hartheim am Rhein;Beregnung;178080;74890;227700;166650;182630;286940;201080;293402;136568;282610;207581;557.4424658;2;
766/069-9;409378.62;5321360.9;260;91;March;oeffentliche Wasserversorgung;360800;352190;305970;272710;340464;331946;322914;209993;328013;331660;317553;865.3082192;2;
767/069-4;409125.71;5322281.53;255;72;March;oeffentliche Wasserversorgung;197421;211846;220712;177694;115658;105367;90231;251480;91751;98535;103536;414.5032877;2;
768/069-0;409129.71;5322341.51;255;71;March;oeffentliche Wasserversorgung;22155;23736;30952;18916;22984;25959;27450;35335;24067;23076;22782;69.0939726;2;
77/020-0;398085.18;5310024.47;35;317;Hartheim am Rhein;Betriebswasserversorgung mit Trinkwasserqualitaet;728;128;157;105;223;190;2678;171;189;628;76;1.313424658;2;
772/069-3;410849.04;5324131.81;290;35;March;Beregnung;5407;5352;5311;5340;5200;5006;6026;7086;5751;4320;2040;14.15671233;2;
773/069-9;410715.88;5324593.74;287;26;March;Beregnung;12416;6984;6976;7001;6853;8086;9597;11510;12858;13940;15549;27.83808219;2;
777/069-0;407126.49;5324483.66;215;28;March;Eigenwasserversorgung;1031;1451;2138;1837;3681;4397;2715;4158;2019;1975;2302;6.9;2;
778/069-6;408151.09;5323529.04;236;47;March;Beregnung;2468;1464;2691;2321;1635;1861;1049;1411;1313;1613;1040;4.69890411;2;
78/020-6;399632.54;5310937.1;66;299;Hartheim am Rhein;Beregnung;4390;1618;3702;3828;2069;1413;5614;6511;5906;19668;15222;17.42;2;
81/020-4;397232.51;5311736.77;18;283;Hartheim am Rhein;Beregnung;18425;789;57529;43481;30351;51753;34140;26390;11240;35380;51910;90.00958904;2;
83/020-5;397715.32;5310694.18;27;304;Hartheim am Rhein;Brauchwasserversorgung Industrie/Gewerbe;4409;1426;571;391;311;630;1066;713;3993;3592;3698;5.180547945;2;
85/070-4;402262.49;5308187.19;118;354;Bad Krozingen;Beregnung Sport- und Freizeitanlagen;5017;7095;6236;9703;5322;3891;3584;3960;5175;10343;14891;18.7339726;2;
88/020-2;398964.81;5309832.56;52;321;Hartheim am Rhein;Waermepumpe (Entnahmestelle) ausgefuehrt;14139;13791;64324;14753;21674;22554;27898;29263;33432;21513;23612;71.47013699;2;
89/020-8;397015.59;5311883.71;13;280;Hartheim am Rhein;Brauchwasserversorgung Industrie/Gewerbe;15;17;14;15;28;13;12;21;51;24;151;0.089863014;2;
9/121-4;417072.53;5304409.73;414;430;Oberried;Eigenwasserversorgung;12176;11575;12759;12843;12854;13392;13581;9150;8661;12410;13007;32.97835616;3;
91/020-0;397885.24;5310544.25;31;307;Hartheim am Rhein;Brauchwasserversorgung Industrie/Gewerbe;652;1645;1376;1123;532;1381;1016;655;892;1545;532;2.826575342;2;
92/020-6;398319.07;5310838.14;39;301;Hartheim am Rhein;Betriebswasserversorgung mit Trinkwasserqualitaet;7545;2398;1839;2217;3654;331;670;1371;1097;877;379;5.57369863;2;
921/069-0;408684.89;5320620.19;247;105;Umkirch;Beregnung;1841;1822;2235;1698;1831;2031;1734;1319;842;952;955;4.29890411;2;
925/069-2;408635.91;5321045.02;246;97;Umkirch;oeffentliche Wasserversorgung;329;96;36;91;0;0;;221;1109;706;394;0.816986301;2;
95/020-2;398445.03;5308894.91;42;340;Hartheim am Rhein;Beregnung;37729;16873;30808;36123;32939;42485;46838;47346;23292;37930;35252;96.54164384;2;
;414911.1046;5315798.593;202;371;Freiburg im Breisgau;Eigenwasserversorgung;1000000;1000000;1000000;1000000;1000000;1000000;1000000;1000000;1000000;1000000;1000000;7.506027397;2;
W4F10.01;413504.5;5319541.4;344;128;Freiburg im Breisgau;Eigenwasserversorgung;1490.20274;2282.273425;1246.793425;1198.90411;1316.230137;1383.078082;1312.54411;1301.111507;1347.452055;1231.395068;1260.405479;1397.308194;3;Brunnen_1_6
W4F10.03;413673.9;5319614.8;347;126;Freiburg im Breisgau;Eigenwasserversorgung;234.9479452;96.5260274;130.9980822;252.7123288;201.1945205;199.9342466;116.8;109.3589041;90.09315068;280.3178082;263.8027397;179.6987049;3;Brunnen_3
W4F10.04;413618.1;5319607.9;346;126;Freiburg im Breisgau;Eigenwasserversorgung;74.37808219;90.97863014;95.86849315;141.7342466;121.6767123;105.5890411;83.09041096;67.96712329;121.9287671;484.8328767;301.4246575;153.5880946;3;Brunnen_4
W4F10.05;413594.6;5319603;345;126;Freiburg im Breisgau;Eigenwasserversorgung;199.2876712;168.8024658;162.7068493;339.7808219;334.5315068;267.7479452;169.2117808;144.569863;56.07671233;404.2849315;322.7506849;233.6137484;3;Brunnen_5
W4F10.08;414206.4;5319413.2;358;130;Freiburg im Breisgau;Eigenwasserversorgung;370.8493151;337.8739726;621.4246575;717.3260274;772.9183562;857.2210959;345.3260274;503.3863014;181.6547945;712.0767123;86.21534247;500.5702366;3;Brunnen_8 
W4F10.09;413813.9;5319242.8;350;134;Freiburg im Breisgau;Eigenwasserversorgung;776.0383562;560.8876712;273.0410959;680.3736986;200.9534247;1021.139726;1224.29589;1273.961644;1308.795068;1375.747945;1104.153425;890.8534496;3;Brunnen_9
W4F10.11;414014.5;5319339.7;354;132;Freiburg im Breisgau;Eigenwasserversorgung;34.03835616;84.92054795;217.9506849;105.5671233;153.9290411;243.2471233;52.54794521;144.9863014;12.24109589;480.9863014;552.5041096;189.3562391;3;Brunnen_11
W4F10.12;413654.3;5319184.1;347;135;Freiburg im Breisgau;Eigenwasserversorgung;387.2547945;296.8109589;1030.334247;977.9287671;680.3287671;741.830137;147.3205479;213.7643836;114.509589;300.339726;525.0849315;492.3188045;3;Brunnen_12
W4F10.13;414235;5320838;358;102;Freiburg im Breisgau;Eigenwasserversorgung;1136.865753;642.7945205;882.9808219;1118.947945;964.1863014;714.8;959.8027397;1639.912329;777.3369863;1244.449315;185.6219178;933.4271482;3;Brunnen_13
W4F10.14;414287.6;5320355.8;359;111;Freiburg im Breisgau;Eigenwasserversorgung;25.34794521;14.69589041;680.2630137;1154.564384;1566.246575;1042.926027;57.18356164;70.03835616;3.912328767;1.742465753;271.6756164;444.4178331;3;Brunnen_14
W4F10.16;413521.2;5319409.2;344;130;Freiburg im Breisgau;Eigenwasserversorgung;1392.120548;624.2673973;1376.785753;1323.89589;1095.300822;1273.110137;1248.090959;1220.30137;1316.435068;1076.928219;1048.511781;1181.431631;3;Brunnen_16
W4F10.17;413920;5320680;352;105;Freiburg im Breisgau;Eigenwasserversorgung;4736.043836;4509.201918;2681.150685;1035.649315;1667.605479;2514.586301;3151.249315;2447.112329;3284.135068;3087.254795;3998.969863;3010.268991;3;Brunnen_17
W4F10.18;414071;5321126;355;96;Freiburg im Breisgau;Eigenwasserversorgung;3948.120548;3800.770685;3735.824658;3524.021918;3339.386301;3538.895616;3530.652877;3519.909315;3406.137534;3002.673973;3016.471233;3487.533151;3;Brunnen_18