rno,ic-1,ic-2,ic-3,ic-4
1,-2,NA,NA,NA
2,-3,1,NA,NA
3,-4,2,NA,NA
4,-5,3,NA,NA
5,-6,4,NA,NA
6,-7,5,NA,NA
7,-8,6,NA,NA
8,-9,7,NA,NA
9,-10,8,NA,NA
10,-11,9,NA,NA
11,-12,10,NA,NA
12,-13,11,NA,NA
13,-14,12,NA,NA
14,-15,13,NA,NA
15,-16,14,NA,NA
16,-17,15,NA,NA
17,-18,16,NA,NA
18,-19,17,NA,NA
19,-20,18,NA,NA
20,-21,19,NA,NA
21,-22,20,NA,NA
22,-23,21,NA,NA
23,-24,22,NA,NA
24,-25,23,NA,NA
25,-26,24,NA,NA
26,-27,25,NA,NA
27,-28,26,NA,NA
28,-29,27,NA,NA
29,-30,28,NA,NA
30,-31,29,NA,NA
31,-32,30,NA,NA
32,-33,31,NA,NA
33,-34,32,NA,NA
34,-35,33,NA,NA
35,-36,34,NA,NA
36,-1047,35,NA,NA
37,-38,NA,NA,NA
38,-39,37,NA,NA
39,-40,38,NA,NA
40,-41,39,NA,NA
41,-42,40,NA,NA
42,-43,41,NA,NA
43,-44,42,NA,NA
44,-45,43,NA,NA
45,-46,44,NA,NA
46,-47,45,NA,NA
47,-48,46,NA,NA
48,-49,47,NA,NA
49,-50,48,NA,NA
50,-51,49,NA,NA
51,-52,50,NA,NA
52,-53,51,NA,NA
53,-54,52,NA,NA
54,-55,53,NA,NA
55,-56,54,NA,NA
56,-57,55,NA,NA
57,-58,56,NA,NA
58,-59,57,NA,NA
59,-60,58,NA,NA
60,-1047,59,NA,NA
61,-62,NA,NA,NA
62,-63,61,NA,NA
63,-64,62,NA,NA
64,-65,63,NA,NA
65,-66,64,NA,NA
66,-67,65,NA,NA
67,-68,66,NA,NA
68,-69,67,NA,NA
69,-70,68,NA,NA
70,-71,69,NA,NA
71,-72,70,NA,NA
72,-73,71,NA,NA
73,-74,72,NA,NA
74,-75,73,NA,NA
75,-76,74,NA,NA
76,-77,75,NA,NA
77,-78,76,NA,NA
78,-79,77,NA,NA
79,-80,78,NA,NA
80,-81,79,NA,NA
81,-82,80,NA,NA
82,-83,81,NA,NA
83,-84,82,NA,NA
84,-85,83,NA,NA
85,-86,84,NA,NA
86,-87,85,NA,NA
87,-88,86,NA,NA
88,-89,87,NA,NA
89,-90,88,NA,NA
90,-91,89,NA,NA
91,-92,90,NA,NA
92,-93,91,NA,NA
93,-94,92,NA,NA
94,-95,93,NA,NA
95,-96,94,NA,NA
96,-97,95,NA,NA
97,-98,96,NA,NA
98,-99,97,NA,NA
99,-100,98,NA,NA
100,-101,99,NA,NA
101,-102,100,NA,NA
102,-103,101,NA,NA
103,-104,102,NA,NA
104,-105,103,NA,NA
105,-106,104,NA,NA
106,-107,105,NA,NA
107,-108,106,NA,NA
108,-109,107,NA,NA
109,-110,108,NA,NA
110,-928,109,NA,NA
111,-112,NA,NA,NA
112,-113,111,NA,NA
113,-114,112,NA,NA
114,-115,113,NA,NA
115,-116,114,NA,NA
116,-117,115,NA,NA
117,-118,116,NA,NA
118,-119,117,NA,NA
119,-120,118,NA,NA
120,-121,119,NA,NA
121,-122,120,NA,NA
122,-123,121,NA,NA
123,-124,122,NA,NA
124,-125,123,NA,NA
125,-126,124,NA,NA
126,-127,125,NA,NA
127,-128,126,NA,NA
128,-129,127,NA,NA
129,-130,128,NA,NA
130,-131,129,NA,NA
131,-132,130,NA,NA
132,-133,131,NA,NA
133,-134,132,NA,NA
134,-135,133,NA,NA
135,-136,134,NA,NA
136,-137,135,NA,NA
137,-138,136,NA,NA
138,-139,137,NA,NA
139,-140,138,NA,NA
140,-141,139,NA,NA
141,-142,140,NA,NA
142,-143,141,NA,NA
143,-144,142,NA,NA
144,-145,143,NA,NA
145,-146,144,NA,NA
146,-147,145,NA,NA
147,-148,146,NA,NA
148,-149,147,NA,NA
149,-150,148,NA,NA
150,-151,149,NA,NA
151,-152,150,NA,NA
152,-153,151,NA,NA
153,-154,152,NA,NA
154,-155,153,NA,NA
155,-1157,154,NA,NA
156,-157,NA,NA,NA
157,-158,156,NA,NA
158,-159,157,NA,NA
159,-160,158,NA,NA
160,-161,159,NA,NA
161,-162,160,NA,NA
162,-163,161,NA,NA
163,-164,162,NA,NA
164,-165,163,NA,NA
165,-166,164,NA,NA
166,-167,165,NA,NA
167,-168,166,NA,NA
168,-169,167,NA,NA
169,-170,168,NA,NA
170,-171,169,NA,NA
171,-172,170,NA,NA
172,-173,171,NA,NA
173,-174,172,NA,NA
174,-175,173,NA,NA
175,-176,174,NA,NA
176,-177,175,NA,NA
177,-178,176,NA,NA
178,-179,177,NA,NA
179,-180,178,NA,NA
180,-181,179,NA,NA
181,-182,180,NA,NA
182,-183,181,NA,NA
183,-184,182,NA,NA
184,-928,183,NA,NA
185,-186,NA,NA,NA
186,-187,185,NA,NA
187,-188,186,NA,NA
188,-189,187,NA,NA
189,-190,188,NA,NA
190,-191,189,NA,NA
191,-192,190,NA,NA
192,-193,191,NA,NA
193,-194,192,NA,NA
194,-195,193,NA,NA
195,-196,194,NA,NA
196,-197,195,NA,NA
197,-198,196,NA,NA
198,-199,197,NA,NA
199,-200,198,NA,NA
200,-201,199,NA,NA
201,-202,200,NA,NA
202,-203,201,NA,NA
203,-204,202,NA,NA
204,-205,203,NA,NA
205,-206,204,NA,NA
206,-207,205,NA,NA
207,-208,206,NA,NA
208,-209,207,NA,NA
209,-210,208,NA,NA
210,-1294,209,NA,NA
211,-212,NA,NA,NA
212,-213,211,NA,NA
213,-214,212,NA,NA
214,-215,213,NA,NA
215,-216,214,NA,NA
216,-938,215,NA,NA
217,-218,NA,NA,NA
218,-219,217,NA,NA
219,-220,218,NA,NA
220,-221,219,NA,NA
221,-222,220,NA,NA
222,-223,221,NA,NA
223,-224,222,NA,NA
224,-225,223,NA,NA
225,-226,224,NA,NA
226,-227,225,NA,NA
227,-228,226,NA,NA
228,-229,227,NA,NA
229,-230,228,NA,NA
230,-231,229,NA,NA
231,-232,230,NA,NA
232,-233,231,NA,NA
233,-234,232,NA,NA
234,-235,233,NA,NA
235,-236,234,NA,NA
236,-237,235,NA,NA
237,-238,236,NA,NA
238,-239,237,NA,NA
239,-240,238,NA,NA
240,-241,239,NA,NA
241,-242,240,NA,NA
242,-243,241,NA,NA
243,-244,242,NA,NA
244,-245,243,NA,NA
245,-246,244,NA,NA
246,-247,245,NA,NA
247,-248,246,NA,NA
248,-249,247,NA,NA
249,-250,248,NA,NA
250,-251,249,NA,NA
251,-252,250,NA,NA
252,-963,251,NA,NA
253,-254,NA,NA,NA
254,-255,253,NA,NA
255,-256,254,NA,NA
256,-257,255,NA,NA
257,-258,256,NA,NA
258,-259,257,NA,NA
259,-260,258,NA,NA
260,-261,259,NA,NA
261,-262,260,NA,NA
262,-263,261,NA,NA
263,-264,262,NA,NA
264,-265,263,NA,NA
265,-266,264,NA,NA
266,-267,265,NA,NA
267,-268,266,NA,NA
268,-269,267,NA,NA
269,-270,268,NA,NA
270,-271,269,NA,NA
271,-272,270,NA,NA
272,-273,271,NA,NA
273,-274,272,NA,NA
274,-275,273,NA,NA
275,-276,274,NA,NA
276,-277,275,NA,NA
277,-278,276,NA,NA
278,-279,277,NA,NA
279,-963,278,NA,NA
280,-281,NA,NA,NA
281,-282,280,NA,NA
282,-283,281,NA,NA
283,-284,282,NA,NA
284,-285,283,NA,NA
285,-286,284,NA,NA
286,-287,285,NA,NA
287,-288,286,NA,NA
288,-289,287,NA,NA
289,-290,288,NA,NA
290,-291,289,NA,NA
291,-292,290,NA,NA
292,-293,291,NA,NA
293,-294,292,NA,NA
294,-295,293,NA,NA
295,-296,294,NA,NA
296,-297,295,NA,NA
297,-298,296,NA,NA
298,-299,297,NA,NA
299,-300,298,NA,NA
300,-301,299,NA,NA
301,-302,300,NA,NA
302,-303,301,NA,NA
303,-304,302,NA,NA
304,-305,303,NA,NA
305,-306,304,NA,NA
306,-307,305,NA,NA
307,-308,306,NA,NA
308,-309,307,NA,NA
309,-310,308,NA,NA
310,-311,309,NA,NA
311,-312,310,NA,NA
312,-957,311,NA,NA
313,-314,NA,NA,NA
314,-315,313,NA,NA
315,-316,314,NA,NA
316,-317,315,NA,NA
317,-318,316,NA,NA
318,-319,317,NA,NA
319,-320,318,NA,NA
320,-321,319,NA,NA
321,-322,320,NA,NA
322,-323,321,NA,NA
323,-324,322,NA,NA
324,-957,323,NA,NA
325,-326,NA,NA,NA
326,-327,325,NA,NA
327,-328,326,NA,NA
328,-329,327,NA,NA
329,-330,328,NA,NA
330,-331,329,NA,NA
331,-332,330,NA,NA
332,-333,331,NA,NA
333,-334,332,NA,NA
334,-335,333,NA,NA
335,-336,334,NA,NA
336,-337,335,NA,NA
337,-338,336,NA,NA
338,-339,337,NA,NA
339,-340,338,NA,NA
340,-341,339,NA,NA
341,-342,340,NA,NA
342,-343,341,NA,NA
343,-344,342,NA,NA
344,-345,343,NA,NA
345,-980,344,NA,NA
346,-347,NA,NA,NA
347,-348,346,NA,NA
348,-349,347,NA,NA
349,-350,348,NA,NA
350,-351,349,NA,NA
351,-352,350,NA,NA
352,-353,351,NA,NA
353,-354,352,NA,NA
354,-355,353,NA,NA
355,-356,354,NA,NA
356,-357,355,NA,NA
357,-358,356,NA,NA
358,-359,357,NA,NA
359,-360,358,NA,NA
360,-361,359,NA,NA
361,-362,360,NA,NA
362,-363,361,NA,NA
363,-364,362,NA,NA
364,-365,363,NA,NA
365,-366,364,NA,NA
366,-367,365,NA,NA
367,-368,366,NA,NA
368,-369,367,NA,NA
369,-370,368,NA,NA
370,-371,369,NA,NA
371,-372,370,NA,NA
372,-980,371,NA,NA
373,-374,NA,NA,NA
374,-375,373,NA,NA
375,-376,374,NA,NA
376,-377,375,NA,NA
377,-378,376,NA,NA
378,-379,377,NA,NA
379,-380,378,NA,NA
380,-381,379,NA,NA
381,-382,380,NA,NA
382,-383,381,NA,NA
383,-384,382,NA,NA
384,-385,383,NA,NA
385,-386,384,NA,NA
386,-387,385,NA,NA
387,-388,386,NA,NA
388,-389,387,NA,NA
389,-390,388,NA,NA
390,-391,389,NA,NA
391,-392,390,NA,NA
392,-393,391,NA,NA
393,-394,392,NA,NA
394,-395,393,NA,NA
395,-396,394,NA,NA
396,-397,395,NA,NA
397,-398,396,NA,NA
398,-399,397,NA,NA
399,-400,398,NA,NA
400,-401,399,NA,NA
401,-402,400,NA,NA
402,-403,401,NA,NA
403,-404,402,NA,NA
404,-405,403,NA,NA
405,-406,404,NA,NA
406,-407,405,NA,NA
407,-1429,406,NA,NA
408,-409,NA,NA,NA
409,-410,408,NA,NA
410,-411,409,NA,NA
411,-412,410,NA,NA
412,-413,411,NA,NA
413,-414,412,NA,NA
414,-415,413,NA,NA
415,-416,414,NA,NA
416,-417,415,NA,NA
417,-418,416,NA,NA
418,-419,417,NA,NA
419,-420,418,NA,NA
420,-421,419,NA,NA
421,-422,420,NA,NA
422,-423,421,NA,NA
423,-424,422,NA,NA
424,-425,423,NA,NA
425,-426,424,NA,NA
426,-427,425,NA,NA
427,-428,426,NA,NA
428,-1025,427,NA,NA
429,-430,NA,NA,NA
430,-431,429,NA,NA
431,-432,430,NA,NA
432,-433,431,NA,NA
433,-434,432,NA,NA
434,-435,433,NA,NA
435,-436,434,NA,NA
436,-437,435,NA,NA
437,-438,436,NA,NA
438,-439,437,NA,NA
439,-440,438,NA,NA
440,-441,439,NA,NA
441,-442,440,NA,NA
442,-443,441,NA,NA
443,-444,442,NA,NA
444,-445,443,NA,NA
445,-446,444,NA,NA
446,-447,445,NA,NA
447,-448,446,NA,NA
448,-449,447,NA,NA
449,-450,448,NA,NA
450,-451,449,NA,NA
451,-452,450,NA,NA
452,-453,451,NA,NA
453,-454,452,NA,NA
454,-455,453,NA,NA
455,-456,454,NA,NA
456,-457,455,NA,NA
457,-458,456,NA,NA
458,-459,457,NA,NA
459,-460,458,NA,NA
460,-461,459,NA,NA
461,-462,460,NA,NA
462,-463,461,NA,NA
463,-464,462,NA,NA
464,-465,463,NA,NA
465,-466,464,NA,NA
466,-467,465,NA,NA
467,-468,466,NA,NA
468,-469,467,NA,NA
469,-470,468,NA,NA
470,-471,469,NA,NA
471,-472,470,NA,NA
472,-473,471,NA,NA
473,-474,472,NA,NA
474,-475,473,NA,NA
475,-476,474,NA,NA
476,-477,475,NA,NA
477,-478,476,NA,NA
478,-479,477,NA,NA
479,-480,478,NA,NA
480,-481,479,NA,NA
481,-482,480,NA,NA
482,-483,481,NA,NA
483,-484,482,NA,NA
484,-485,483,NA,NA
485,-486,484,NA,NA
486,-487,485,NA,NA
487,-488,486,NA,NA
488,-489,487,NA,NA
489,-490,488,NA,NA
490,-491,489,NA,NA
491,-492,490,NA,NA
492,-493,491,NA,NA
493,-494,492,NA,NA
494,-495,493,NA,NA
495,-496,494,NA,NA
496,-497,495,NA,NA
497,-498,496,NA,NA
498,-499,497,NA,NA
499,-500,498,NA,NA
500,-501,499,NA,NA
501,-502,500,NA,NA
502,-503,501,NA,NA
503,-504,502,NA,NA
504,-505,503,NA,NA
505,-1584,504,NA,NA
506,-507,NA,NA,NA
507,-508,506,NA,NA
508,-509,507,NA,NA
509,-510,508,NA,NA
510,-511,509,NA,NA
511,-512,510,NA,NA
512,-513,511,NA,NA
513,-514,512,NA,NA
514,-515,513,NA,NA
515,-516,514,NA,NA
516,-517,515,NA,NA
517,-518,516,NA,NA
518,-519,517,NA,NA
519,-520,518,NA,NA
520,-521,519,NA,NA
521,-522,520,NA,NA
522,-523,521,NA,NA
523,-524,522,NA,NA
524,-525,523,NA,NA
525,-526,524,NA,NA
526,-527,525,NA,NA
527,-528,526,NA,NA
528,-529,527,NA,NA
529,-530,528,NA,NA
530,-531,529,NA,NA
531,-1025,530,NA,NA
532,-533,NA,NA,NA
533,-534,532,NA,NA
534,-535,533,NA,NA
535,-536,534,NA,NA
536,-537,535,NA,NA
537,-538,536,NA,NA
538,-539,537,NA,NA
539,-540,538,NA,NA
540,-541,539,NA,NA
541,-542,540,NA,NA
542,-543,541,NA,NA
543,-544,542,NA,NA
544,-545,543,NA,NA
545,-546,544,NA,NA
546,-547,545,NA,NA
547,-548,546,NA,NA
548,-549,547,NA,NA
549,-550,548,NA,NA
550,-551,549,NA,NA
551,-552,550,NA,NA
552,-553,551,NA,NA
553,-554,552,NA,NA
554,-555,553,NA,NA
555,-556,554,NA,NA
556,-557,555,NA,NA
557,-558,556,NA,NA
558,-559,557,NA,NA
559,-560,558,NA,NA
560,-561,559,NA,NA
561,-562,560,NA,NA
562,-563,561,NA,NA
563,-564,562,NA,NA
564,-565,563,NA,NA
565,-566,564,NA,NA
566,-567,565,NA,NA
567,-568,566,NA,NA
568,-569,567,NA,NA
569,-570,568,NA,NA
570,-571,569,NA,NA
571,-572,570,NA,NA
572,-573,571,NA,NA
573,-574,572,NA,NA
574,-575,573,NA,NA
575,-576,574,NA,NA
576,-577,575,NA,NA
577,-578,576,NA,NA
578,-579,577,NA,NA
579,-1451,578,NA,NA
580,-581,NA,NA,NA
581,-582,580,NA,NA
582,-583,581,NA,NA
583,-584,582,NA,NA
584,-585,583,NA,NA
585,-586,584,NA,NA
586,-587,585,NA,NA
587,-588,586,NA,NA
588,-589,587,NA,NA
589,-590,588,NA,NA
590,-591,589,NA,NA
591,-592,590,NA,NA
592,-593,591,NA,NA
593,-594,592,NA,NA
594,-595,593,NA,NA
595,-596,594,NA,NA
596,-597,595,NA,NA
597,-598,596,NA,NA
598,-599,597,NA,NA
599,-600,598,NA,NA
600,-601,599,NA,NA
601,-602,600,NA,NA
602,-603,601,NA,NA
603,-604,602,NA,NA
604,-605,603,NA,NA
605,-1505,604,NA,NA
606,-607,NA,NA,NA
607,-608,606,NA,NA
608,-609,607,NA,NA
609,-610,608,NA,NA
610,-611,609,NA,NA
611,-612,610,NA,NA
612,-613,611,NA,NA
613,-614,612,NA,NA
614,-615,613,NA,NA
615,-616,614,NA,NA
616,-617,615,NA,NA
617,-618,616,NA,NA
618,-619,617,NA,NA
619,-620,618,NA,NA
620,-621,619,NA,NA
621,-622,620,NA,NA
622,-623,621,NA,NA
623,-624,622,NA,NA
624,-625,623,NA,NA
625,-626,624,NA,NA
626,-627,625,NA,NA
627,-628,626,NA,NA
628,-629,627,NA,NA
629,-630,628,NA,NA
630,-631,629,NA,NA
631,-632,630,NA,NA
632,-633,631,NA,NA
633,-634,632,NA,NA
634,-635,633,NA,NA
635,-636,634,NA,NA
636,-637,635,NA,NA
637,-638,636,NA,NA
638,-639,637,NA,NA
639,-640,638,NA,NA
640,-641,639,NA,NA
641,-1474,640,NA,NA
642,-643,NA,NA,NA
643,-644,642,NA,NA
644,-645,643,NA,NA
645,-646,644,NA,NA
646,-647,645,NA,NA
647,-648,646,NA,NA
648,-649,647,NA,NA
649,-650,648,NA,NA
650,-651,649,NA,NA
651,-652,650,NA,NA
652,-653,651,NA,NA
653,-654,652,NA,NA
654,-655,653,NA,NA
655,-656,654,NA,NA
656,-657,655,NA,NA
657,-658,656,NA,NA
658,-659,657,NA,NA
659,-660,658,NA,NA
660,-661,659,NA,NA
661,-662,660,NA,NA
662,-663,661,NA,NA
663,-664,662,NA,NA
664,-665,663,NA,NA
665,-666,664,NA,NA
666,-667,665,NA,NA
667,-668,666,NA,NA
668,-669,667,NA,NA
669,-670,668,NA,NA
670,-671,669,NA,NA
671,-672,670,NA,NA
672,-673,671,NA,NA
673,-674,672,NA,NA
674,-675,673,NA,NA
675,-676,674,NA,NA
676,-677,675,NA,NA
677,-678,676,NA,NA
678,-679,677,NA,NA
679,-680,678,NA,NA
680,-681,679,NA,NA
681,-682,680,NA,NA
682,-683,681,NA,NA
683,-684,682,NA,NA
684,-685,683,NA,NA
685,-686,684,NA,NA
686,-687,685,NA,NA
687,-688,686,NA,NA
688,-689,687,NA,NA
689,-690,688,NA,NA
690,-691,689,NA,NA
691,-692,690,NA,NA
692,-693,691,NA,NA
693,-1529,692,NA,NA
694,-695,NA,NA,NA
695,-696,694,NA,NA
696,-697,695,NA,NA
697,-698,696,NA,NA
698,-699,697,NA,NA
699,-700,698,NA,NA
700,-701,699,NA,NA
701,-702,700,NA,NA
702,-703,701,NA,NA
703,-704,702,NA,NA
704,-705,703,NA,NA
705,-706,704,NA,NA
706,-707,705,NA,NA
707,-708,706,NA,NA
708,-709,707,NA,NA
709,-710,708,NA,NA
710,-711,709,NA,NA
711,-712,710,NA,NA
712,-713,711,NA,NA
713,-714,712,NA,NA
714,-715,713,NA,NA
715,-716,714,NA,NA
716,-717,715,NA,NA
717,-718,716,NA,NA
718,-719,717,NA,NA
719,-720,718,NA,NA
720,-721,719,NA,NA
721,-722,720,NA,NA
722,-723,721,NA,NA
723,-724,722,NA,NA
724,-725,723,NA,NA
725,-726,724,NA,NA
726,-727,725,NA,NA
727,-728,726,NA,NA
728,-729,727,NA,NA
729,-730,728,NA,NA
730,-731,729,NA,NA
731,-732,730,NA,NA
732,-733,731,NA,NA
733,-734,732,NA,NA
734,-1149,733,NA,NA
735,-736,NA,NA,NA
736,-737,735,NA,NA
737,-738,736,NA,NA
738,-739,737,NA,NA
739,-740,738,NA,NA
740,-741,739,NA,NA
741,-742,740,NA,NA
742,-743,741,NA,NA
743,-744,742,NA,NA
744,-745,743,NA,NA
745,-746,744,NA,NA
746,-747,745,NA,NA
747,-748,746,NA,NA
748,-749,747,NA,NA
749,-750,748,NA,NA
750,-751,749,NA,NA
751,-752,750,NA,NA
752,-753,751,NA,NA
753,-754,752,NA,NA
754,-755,753,NA,NA
755,-756,754,NA,NA
756,-757,755,NA,NA
757,-758,756,NA,NA
758,-759,757,NA,NA
759,-760,758,NA,NA
760,-761,759,NA,NA
761,-762,760,NA,NA
762,-763,761,NA,NA
763,-764,762,NA,NA
764,-765,763,NA,NA
765,-766,764,NA,NA
766,-767,765,NA,NA
767,-768,766,NA,NA
768,-769,767,NA,NA
769,-770,768,NA,NA
770,-771,769,NA,NA
771,-772,770,NA,NA
772,-773,771,NA,NA
773,-774,772,NA,NA
774,-775,773,NA,NA
775,-776,774,NA,NA
776,-777,775,NA,NA
777,-778,776,NA,NA
778,-779,777,NA,NA
779,-780,778,NA,NA
780,-781,779,NA,NA
781,-782,780,NA,NA
782,-783,781,NA,NA
783,-784,782,NA,NA
784,-785,783,NA,NA
785,-786,784,NA,NA
786,-787,785,NA,NA
787,-788,786,NA,NA
788,-789,787,NA,NA
789,-790,788,NA,NA
790,-791,789,NA,NA
791,-792,790,NA,NA
792,-793,791,NA,NA
793,-794,792,NA,NA
794,-795,793,NA,NA
795,-796,794,NA,NA
796,-797,795,NA,NA
797,-798,796,NA,NA
798,-799,797,NA,NA
799,-800,798,NA,NA
800,-801,799,NA,NA
801,-802,800,NA,NA
802,-803,801,NA,NA
803,-804,802,NA,NA
804,-805,803,NA,NA
805,-806,804,NA,NA
806,-807,805,NA,NA
807,-808,806,NA,NA
808,-809,807,NA,NA
809,-1149,808,NA,NA
810,-811,NA,NA,NA
811,-812,810,NA,NA
812,-813,811,NA,NA
813,-814,812,NA,NA
814,-815,813,NA,NA
815,-816,814,NA,NA
816,-817,815,NA,NA
817,-818,816,NA,NA
818,-819,817,NA,NA
819,-820,818,NA,NA
820,-821,819,NA,NA
821,-822,820,NA,NA
822,-823,821,NA,NA
823,-824,822,NA,NA
824,-825,823,NA,NA
825,-826,824,NA,NA
826,-827,825,NA,NA
827,-828,826,NA,NA
828,-829,827,NA,NA
829,-830,828,NA,NA
830,-831,829,NA,NA
831,-832,830,NA,NA
832,-833,831,NA,NA
833,-834,832,NA,NA
834,-835,833,NA,NA
835,-836,834,NA,NA
836,-837,835,NA,NA
837,-838,836,NA,NA
838,-839,837,NA,NA
839,-840,838,NA,NA
840,-841,839,NA,NA
841,-842,840,NA,NA
842,-843,841,NA,NA
843,-844,842,NA,NA
844,-845,843,NA,NA
845,-846,844,NA,NA
846,-847,845,NA,NA
847,-848,846,NA,NA
848,-849,847,NA,NA
849,-850,848,NA,NA
850,-851,849,NA,NA
851,-852,850,NA,NA
852,-853,851,NA,NA
853,-854,852,NA,NA
854,-855,853,NA,NA
855,-856,854,NA,NA
856,-857,855,NA,NA
857,-858,856,NA,NA
858,-859,857,NA,NA
859,-860,858,NA,NA
860,-861,859,NA,NA
861,-862,860,NA,NA
862,-863,861,NA,NA
863,-864,862,NA,NA
864,-865,863,NA,NA
865,-866,864,NA,NA
866,-867,865,NA,NA
867,-868,866,NA,NA
868,-869,867,NA,NA
869,-1384,868,NA,NA
870,-871,NA,NA,NA
871,-872,870,NA,NA
872,-873,871,NA,NA
873,-874,872,NA,NA
874,-875,873,NA,NA
875,-876,874,NA,NA
876,-877,875,NA,NA
877,-878,876,NA,NA
878,-879,877,NA,NA
879,-880,878,NA,NA
880,-881,879,NA,NA
881,-882,880,NA,NA
882,-883,881,NA,NA
883,-884,882,NA,NA
884,-885,883,NA,NA
885,-886,884,NA,NA
886,-887,885,NA,NA
887,-888,886,NA,NA
888,-889,887,NA,NA
889,-890,888,NA,NA
890,-891,889,NA,NA
891,-892,890,NA,NA
892,-893,891,NA,NA
893,-894,892,NA,NA
894,-895,893,NA,NA
895,-896,894,NA,NA
896,-897,895,NA,NA
897,-898,896,NA,NA
898,-899,897,NA,NA
899,-900,898,NA,NA
900,-901,899,NA,NA
901,-902,900,NA,NA
902,-903,901,NA,NA
903,-904,902,NA,NA
904,-905,903,NA,NA
905,-906,904,NA,NA
906,-907,905,NA,NA
907,-908,906,NA,NA
908,-909,907,NA,NA
909,-910,908,NA,NA
910,-911,909,NA,NA
911,-912,910,NA,NA
912,-913,911,NA,NA
913,-914,912,NA,NA
914,-915,913,NA,NA
915,-916,914,NA,NA
916,-917,915,NA,NA
917,-918,916,NA,NA
918,-919,917,NA,NA
919,-920,918,NA,NA
920,-921,919,NA,NA
921,-922,920,NA,NA
922,-923,921,NA,NA
923,-924,922,NA,NA
924,-925,923,NA,NA
925,-926,924,NA,NA
926,-927,925,NA,NA
927,-1241,926,NA,NA
928,-929,110,184,NA
929,-930,928,NA,NA
930,-931,929,NA,NA
931,-932,930,NA,NA
932,-933,931,NA,NA
933,-934,932,NA,NA
934,-935,933,NA,NA
935,-936,934,NA,NA
936,-937,935,NA,NA
937,-1157,936,NA,NA
938,-939,216,NA,NA
939,-940,938,NA,NA
940,-941,939,NA,NA
941,-942,940,NA,NA
942,-943,941,NA,NA
943,-944,942,NA,NA
944,-945,943,NA,NA
945,-946,944,NA,NA
946,-947,945,NA,NA
947,-948,946,NA,NA
948,-949,947,NA,NA
949,-950,948,NA,NA
950,-951,949,NA,NA
951,-952,950,NA,NA
952,-953,951,NA,NA
953,-954,952,NA,NA
954,-955,953,NA,NA
955,-956,954,NA,NA
956,-1190,955,NA,NA
957,-958,312,324,NA
958,-959,957,NA,NA
959,-960,958,NA,NA
960,-961,959,NA,NA
961,-962,960,NA,NA
962,-1190,961,NA,NA
963,-964,252,279,NA
964,-965,963,NA,NA
965,-966,964,NA,NA
966,-967,965,NA,NA
967,-968,966,NA,NA
968,-969,967,NA,NA
969,-970,968,NA,NA
970,-971,969,NA,NA
971,-972,970,NA,NA
972,-973,971,NA,NA
973,-974,972,NA,NA
974,-975,973,NA,NA
975,-976,974,NA,NA
976,-977,975,NA,NA
977,-978,976,NA,NA
978,-979,977,NA,NA
979,-1268,978,NA,NA
980,-981,345,372,NA
981,-982,980,NA,NA
982,-983,981,NA,NA
983,-984,982,NA,NA
984,-985,983,NA,NA
985,-986,984,NA,NA
986,-987,985,NA,NA
987,-988,986,NA,NA
988,-989,987,NA,NA
989,-990,988,NA,NA
990,-991,989,NA,NA
991,-992,990,NA,NA
992,-993,991,NA,NA
993,-994,992,NA,NA
994,-995,993,NA,NA
995,-996,994,NA,NA
996,-997,995,NA,NA
997,-998,996,NA,NA
998,-999,997,NA,NA
999,-1000,998,NA,NA
1000,-1001,999,NA,NA
1001,-1002,1000,NA,NA
1002,-1003,1001,NA,NA
1003,-1004,1002,NA,NA
1004,-1005,1003,NA,NA
1005,-1006,1004,NA,NA
1006,-1007,1005,NA,NA
1007,-1008,1006,NA,NA
1008,-1009,1007,NA,NA
1009,-1010,1008,NA,NA
1010,-1011,1009,NA,NA
1011,-1012,1010,NA,NA
1012,-1013,1011,NA,NA
1013,-1014,1012,NA,NA
1014,-1015,1013,NA,NA
1015,-1016,1014,NA,NA
1016,-1017,1015,NA,NA
1017,-1018,1016,NA,NA
1018,-1019,1017,NA,NA
1019,-1020,1018,NA,NA
1020,-1021,1019,NA,NA
1021,-1022,1020,NA,NA
1022,-1023,1021,NA,NA
1023,-1024,1022,NA,NA
1024,-1177,1023,NA,NA
1025,-1026,428,531,NA
1026,-1027,1025,NA,NA
1027,-1028,1026,NA,NA
1028,-1029,1027,NA,NA
1029,-1030,1028,NA,NA
1030,-1031,1029,NA,NA
1031,-1032,1030,NA,NA
1032,-1033,1031,NA,NA
1033,-1034,1032,NA,NA
1034,-1035,1033,NA,NA
1035,-1036,1034,NA,NA
1036,-1037,1035,NA,NA
1037,-1038,1036,NA,NA
1038,-1039,1037,NA,NA
1039,-1040,1038,NA,NA
1040,-1041,1039,NA,NA
1041,-1042,1040,NA,NA
1042,-1043,1041,NA,NA
1043,-1044,1042,NA,NA
1044,-1045,1043,NA,NA
1045,-1046,1044,NA,NA
1046,-1177,1045,NA,NA
1047,-1048,36,60,NA
1048,-1049,1047,NA,NA
1049,-1050,1048,NA,NA
1050,-1051,1049,NA,NA
1051,-1052,1050,NA,NA
1052,-1053,1051,NA,NA
1053,-1054,1052,NA,NA
1054,-1055,1053,NA,NA
1055,-1056,1054,NA,NA
1056,-1057,1055,NA,NA
1057,-1058,1056,NA,NA
1058,-1059,1057,NA,NA
1059,-1060,1058,NA,NA
1060,-1061,1059,NA,NA
1061,-1062,1060,NA,NA
1062,-1063,1061,NA,NA
1063,-1064,1062,NA,NA
1064,-1065,1063,NA,NA
1065,-1066,1064,NA,NA
1066,-1067,1065,NA,NA
1067,-1068,1066,NA,NA
1068,-1069,1067,NA,NA
1069,-1070,1068,NA,NA
1070,-1071,1069,NA,NA
1071,-1072,1070,NA,NA
1072,-1073,1071,NA,NA
1073,-1074,1072,NA,NA
1074,-1075,1073,NA,NA
1075,-1076,1074,NA,NA
1076,-1077,1075,NA,NA
1077,-1078,1076,NA,NA
1078,-1079,1077,NA,NA
1079,-1080,1078,NA,NA
1080,-1081,1079,NA,NA
1081,-1082,1080,NA,NA
1082,-1083,1081,NA,NA
1083,-1084,1082,NA,NA
1084,-1085,1083,NA,NA
1085,-1086,1084,NA,NA
1086,-1087,1085,NA,NA
1087,-1088,1086,NA,NA
1088,-1089,1087,NA,NA
1089,-1090,1088,NA,NA
1090,-1091,1089,NA,NA
1091,-1092,1090,NA,NA
1092,-1093,1091,NA,NA
1093,-1094,1092,NA,NA
1094,-1095,1093,NA,NA
1095,-1096,1094,NA,NA
1096,-1097,1095,NA,NA
1097,-1098,1096,NA,NA
1098,-1099,1097,NA,NA
1099,-1100,1098,NA,NA
1100,-1101,1099,NA,NA
1101,-1102,1100,NA,NA
1102,-1103,1101,NA,NA
1103,-1104,1102,NA,NA
1104,-1105,1103,NA,NA
1105,-1106,1104,NA,NA
1106,-1107,1105,NA,NA
1107,-1108,1106,NA,NA
1108,-1109,1107,NA,NA
1109,-1110,1108,NA,NA
1110,-1111,1109,NA,NA
1111,-1112,1110,NA,NA
1112,-1113,1111,NA,NA
1113,-1114,1112,NA,NA
1114,-1115,1113,NA,NA
1115,-1116,1114,NA,NA
1116,-1117,1115,NA,NA
1117,-1118,1116,NA,NA
1118,-1119,1117,NA,NA
1119,-1120,1118,NA,NA
1120,-1121,1119,NA,NA
1121,-1122,1120,NA,NA
1122,-1123,1121,NA,NA
1123,-1124,1122,NA,NA
1124,-1125,1123,NA,NA
1125,-1126,1124,NA,NA
1126,-1127,1125,NA,NA
1127,-1128,1126,NA,NA
1128,-1129,1127,NA,NA
1129,-1130,1128,NA,NA
1130,-1131,1129,NA,NA
1131,-1132,1130,NA,NA
1132,-1133,1131,NA,NA
1133,-1134,1132,NA,NA
1134,-1135,1133,NA,NA
1135,-1136,1134,NA,NA
1136,-1137,1135,NA,NA
1137,-1138,1136,NA,NA
1138,-1139,1137,NA,NA
1139,-1140,1138,NA,NA
1140,-1141,1139,NA,NA
1141,-1142,1140,NA,NA
1142,-1143,1141,NA,NA
1143,-1144,1142,NA,NA
1144,-1145,1143,NA,NA
1145,-1146,1144,NA,NA
1146,-1147,1145,NA,NA
1147,-1148,1146,NA,NA
1148,-1438,1147,NA,NA
1149,-1150,734,809,NA
1150,-1151,1149,NA,NA
1151,-1152,1150,NA,NA
1152,-1153,1151,NA,NA
1153,-1154,1152,NA,NA
1154,-1155,1153,NA,NA
1155,-1156,1154,NA,NA
1156,-1241,1155,NA,NA
1157,-1158,155,937,NA
1158,-1159,1157,NA,NA
1159,-1160,1158,NA,NA
1160,-1161,1159,NA,NA
1161,-1162,1160,NA,NA
1162,-1163,1161,NA,NA
1163,-1164,1162,NA,NA
1164,-1165,1163,NA,NA
1165,-1166,1164,NA,NA
1166,-1167,1165,NA,NA
1167,-1168,1166,NA,NA
1168,-1169,1167,NA,NA
1169,-1170,1168,NA,NA
1170,-1171,1169,NA,NA
1171,-1172,1170,NA,NA
1172,-1173,1171,NA,NA
1173,-1174,1172,NA,NA
1174,-1175,1173,NA,NA
1175,-1176,1174,NA,NA
1176,-1294,1175,NA,NA
1177,-1178,1024,1046,NA
1178,-1179,1177,NA,NA
1179,-1180,1178,NA,NA
1180,-1181,1179,NA,NA
1181,-1182,1180,NA,NA
1182,-1183,1181,NA,NA
1183,-1184,1182,NA,NA
1184,-1185,1183,NA,NA
1185,-1186,1184,NA,NA
1186,-1187,1185,NA,NA
1187,-1188,1186,NA,NA
1188,-1189,1187,NA,NA
1189,-1268,1188,NA,NA
1190,-1191,956,962,NA
1191,-1192,1190,NA,NA
1192,-1193,1191,NA,NA
1193,-1194,1192,NA,NA
1194,-1195,1193,NA,NA
1195,-1196,1194,NA,NA
1196,-1197,1195,NA,NA
1197,-1198,1196,NA,NA
1198,-1199,1197,NA,NA
1199,-1200,1198,NA,NA
1200,-1201,1199,NA,NA
1201,-1202,1200,NA,NA
1202,-1203,1201,NA,NA
1203,-1204,1202,NA,NA
1204,-1205,1203,NA,NA
1205,-1206,1204,NA,NA
1206,-1207,1205,NA,NA
1207,-1208,1206,NA,NA
1208,-1209,1207,NA,NA
1209,-1210,1208,NA,NA
1210,-1211,1209,NA,NA
1211,-1212,1210,NA,NA
1212,-1213,1211,NA,NA
1213,-1214,1212,NA,NA
1214,-1215,1213,NA,NA
1215,-1216,1214,NA,NA
1216,-1217,1215,NA,NA
1217,-1218,1216,NA,NA
1218,-1219,1217,NA,NA
1219,-1220,1218,NA,NA
1220,-1221,1219,NA,NA
1221,-1222,1220,NA,NA
1222,-1223,1221,NA,NA
1223,-1224,1222,NA,NA
1224,-1225,1223,NA,NA
1225,-1226,1224,NA,NA
1226,-1227,1225,NA,NA
1227,-1228,1226,NA,NA
1228,-1229,1227,NA,NA
1229,-1230,1228,NA,NA
1230,-1231,1229,NA,NA
1231,-1232,1230,NA,NA
1232,-1233,1231,NA,NA
1233,-1234,1232,NA,NA
1234,-1235,1233,NA,NA
1235,-1236,1234,NA,NA
1236,-1237,1235,NA,NA
1237,-1238,1236,NA,NA
1238,-1239,1237,NA,NA
1239,-1240,1238,NA,NA
1240,-1607,1239,NA,NA
1241,-1242,927,1156,NA
1242,-1243,1241,NA,NA
1243,-1244,1242,NA,NA
1244,-1245,1243,NA,NA
1245,-1246,1244,NA,NA
1246,-1247,1245,NA,NA
1247,-1248,1246,NA,NA
1248,-1249,1247,NA,NA
1249,-1250,1248,NA,NA
1250,-1251,1249,NA,NA
1251,-1252,1250,NA,NA
1252,-1253,1251,NA,NA
1253,-1254,1252,NA,NA
1254,-1255,1253,NA,NA
1255,-1256,1254,NA,NA
1256,-1257,1255,NA,NA
1257,-1258,1256,NA,NA
1258,-1259,1257,NA,NA
1259,-1260,1258,NA,NA
1260,-1261,1259,NA,NA
1261,-1262,1260,NA,NA
1262,-1263,1261,NA,NA
1263,-1264,1262,NA,NA
1264,-1265,1263,NA,NA
1265,-1266,1264,NA,NA
1266,-1267,1265,NA,NA
1267,-1384,1266,NA,NA
1268,-1269,979,1189,NA
1269,-1270,1268,NA,NA
1270,-1271,1269,NA,NA
1271,-1272,1270,NA,NA
1272,-1273,1271,NA,NA
1273,-1274,1272,NA,NA
1274,-1275,1273,NA,NA
1275,-1276,1274,NA,NA
1276,-1277,1275,NA,NA
1277,-1278,1276,NA,NA
1278,-1279,1277,NA,NA
1279,-1280,1278,NA,NA
1280,-1281,1279,NA,NA
1281,-1282,1280,NA,NA
1282,-1283,1281,NA,NA
1283,-1284,1282,NA,NA
1284,-1285,1283,NA,NA
1285,-1286,1284,NA,NA
1286,-1287,1285,NA,NA
1287,-1288,1286,NA,NA
1288,-1289,1287,NA,NA
1289,-1290,1288,NA,NA
1290,-1291,1289,NA,NA
1291,-1292,1290,NA,NA
1292,-1293,1291,NA,NA
1293,-1429,1292,NA,NA
1294,-1295,210,1176,NA
1295,-1296,1294,NA,NA
1296,-1297,1295,NA,NA
1297,-1298,1296,NA,NA
1298,-1299,1297,NA,NA
1299,-1300,1298,NA,NA
1300,-1301,1299,NA,NA
1301,-1302,1300,NA,NA
1302,-1303,1301,NA,NA
1303,-1304,1302,NA,NA
1304,-1305,1303,NA,NA
1305,-1306,1304,NA,NA
1306,-1307,1305,NA,NA
1307,-1308,1306,NA,NA
1308,-1309,1307,NA,NA
1309,-1310,1308,NA,NA
1310,-1311,1309,NA,NA
1311,-1312,1310,NA,NA
1312,-1313,1311,NA,NA
1313,-1314,1312,NA,NA
1314,-1315,1313,NA,NA
1315,-1316,1314,NA,NA
1316,-1317,1315,NA,NA
1317,-1318,1316,NA,NA
1318,-1319,1317,NA,NA
1319,-1320,1318,NA,NA
1320,-1321,1319,NA,NA
1321,-1322,1320,NA,NA
1322,-1323,1321,NA,NA
1323,-1324,1322,NA,NA
1324,-1325,1323,NA,NA
1325,-1326,1324,NA,NA
1326,-1327,1325,NA,NA
1327,-1328,1326,NA,NA
1328,-1329,1327,NA,NA
1329,-1330,1328,NA,NA
1330,-1331,1329,NA,NA
1331,-1332,1330,NA,NA
1332,-1333,1331,NA,NA
1333,-1334,1332,NA,NA
1334,-1335,1333,NA,NA
1335,-1336,1334,NA,NA
1336,-1337,1335,NA,NA
1337,-1338,1336,NA,NA
1338,-1339,1337,NA,NA
1339,-1340,1338,NA,NA
1340,-1341,1339,NA,NA
1341,-1342,1340,NA,NA
1342,-1343,1341,NA,NA
1343,-1344,1342,NA,NA
1344,-1345,1343,NA,NA
1345,-1346,1344,NA,NA
1346,-1347,1345,NA,NA
1347,-1348,1346,NA,NA
1348,-1349,1347,NA,NA
1349,-1350,1348,NA,NA
1350,-1351,1349,NA,NA
1351,-1352,1350,NA,NA
1352,-1353,1351,NA,NA
1353,-1354,1352,NA,NA
1354,-1355,1353,NA,NA
1355,-1356,1354,NA,NA
1356,-1357,1355,NA,NA
1357,-1358,1356,NA,NA
1358,-1359,1357,NA,NA
1359,-1360,1358,NA,NA
1360,-1361,1359,NA,NA
1361,-1362,1360,NA,NA
1362,-1363,1361,NA,NA
1363,-1364,1362,NA,NA
1364,-1365,1363,NA,NA
1365,-1366,1364,NA,NA
1366,-1367,1365,NA,NA
1367,-1368,1366,NA,NA
1368,-1369,1367,NA,NA
1369,-1370,1368,NA,NA
1370,-1371,1369,NA,NA
1371,-1372,1370,NA,NA
1372,-1373,1371,NA,NA
1373,-1374,1372,NA,NA
1374,-1375,1373,NA,NA
1375,-1376,1374,NA,NA
1376,-1377,1375,NA,NA
1377,-1378,1376,NA,NA
1378,-1379,1377,NA,NA
1379,-1380,1378,NA,NA
1380,-1381,1379,NA,NA
1381,-1382,1380,NA,NA
1382,-1383,1381,NA,NA
1383,-1438,1382,NA,NA
1384,-1385,869,1267,NA
1385,-1386,1384,NA,NA
1386,-1387,1385,NA,NA
1387,-1388,1386,NA,NA
1388,-1389,1387,NA,NA
1389,-1390,1388,NA,NA
1390,-1391,1389,NA,NA
1391,-1392,1390,NA,NA
1392,-1393,1391,NA,NA
1393,-1394,1392,NA,NA
1394,-1395,1393,NA,NA
1395,-1396,1394,NA,NA
1396,-1397,1395,NA,NA
1397,-1398,1396,NA,NA
1398,-1399,1397,NA,NA
1399,-1400,1398,NA,NA
1400,-1401,1399,NA,NA
1401,-1402,1400,NA,NA
1402,-1403,1401,NA,NA
1403,-1404,1402,NA,NA
1404,-1405,1403,NA,NA
1405,-1406,1404,NA,NA
1406,-1407,1405,NA,NA
1407,-1408,1406,NA,NA
1408,-1409,1407,NA,NA
1409,-1410,1408,NA,NA
1410,-1411,1409,NA,NA
1411,-1412,1410,NA,NA
1412,-1413,1411,NA,NA
1413,-1414,1412,NA,NA
1414,-1415,1413,NA,NA
1415,-1416,1414,NA,NA
1416,-1417,1415,NA,NA
1417,-1418,1416,NA,NA
1418,-1419,1417,NA,NA
1419,-1420,1418,NA,NA
1420,-1421,1419,NA,NA
1421,-1422,1420,NA,NA
1422,-1423,1421,NA,NA
1423,-1424,1422,NA,NA
1424,-1425,1423,NA,NA
1425,-1426,1424,NA,NA
1426,-1427,1425,NA,NA
1427,-1428,1426,NA,NA
1428,-1569,1427,NA,NA
1429,-1430,407,1293,NA
1430,-1431,1429,NA,NA
1431,-1432,1430,NA,NA
1432,-1433,1431,NA,NA
1433,-1434,1432,NA,NA
1434,-1435,1433,NA,NA
1435,-1436,1434,NA,NA
1436,-1437,1435,NA,NA
1437,-1451,1436,NA,NA
1438,-1439,1148,1383,NA
1439,-1440,1438,NA,NA
1440,-1441,1439,NA,NA
1441,-1442,1440,NA,NA
1442,-1443,1441,NA,NA
1443,-1444,1442,NA,NA
1444,-1445,1443,NA,NA
1445,-1446,1444,NA,NA
1446,-1447,1445,NA,NA
1447,-1448,1446,NA,NA
1448,-1449,1447,NA,NA
1449,-1450,1448,NA,NA
1450,-1599,1449,NA,NA
1451,-1452,579,1437,NA
1452,-1453,1451,NA,NA
1453,-1454,1452,NA,NA
1454,-1455,1453,NA,NA
1455,-1456,1454,NA,NA
1456,-1457,1455,NA,NA
1457,-1458,1456,NA,NA
1458,-1459,1457,NA,NA
1459,-1460,1458,NA,NA
1460,-1461,1459,NA,NA
1461,-1462,1460,NA,NA
1462,-1463,1461,NA,NA
1463,-1464,1462,NA,NA
1464,-1465,1463,NA,NA
1465,-1466,1464,NA,NA
1466,-1467,1465,NA,NA
1467,-1468,1466,NA,NA
1468,-1469,1467,NA,NA
1469,-1470,1468,NA,NA
1470,-1471,1469,NA,NA
1471,-1472,1470,NA,NA
1472,-1473,1471,NA,NA
1473,-1474,1472,NA,NA
1474,-1475,641,1473,NA
1475,-1476,1474,NA,NA
1476,-1477,1475,NA,NA
1477,-1478,1476,NA,NA
1478,-1479,1477,NA,NA
1479,-1480,1478,NA,NA
1480,-1481,1479,NA,NA
1481,-1482,1480,NA,NA
1482,-1483,1481,NA,NA
1483,-1484,1482,NA,NA
1484,-1485,1483,NA,NA
1485,-1486,1484,NA,NA
1486,-1487,1485,NA,NA
1487,-1488,1486,NA,NA
1488,-1489,1487,NA,NA
1489,-1490,1488,NA,NA
1490,-1491,1489,NA,NA
1491,-1492,1490,NA,NA
1492,-1493,1491,NA,NA
1493,-1494,1492,NA,NA
1494,-1495,1493,NA,NA
1495,-1496,1494,NA,NA
1496,-1497,1495,NA,NA
1497,-1498,1496,NA,NA
1498,-1499,1497,NA,NA
1499,-1500,1498,NA,NA
1500,-1501,1499,NA,NA
1501,-1502,1500,NA,NA
1502,-1503,1501,NA,NA
1503,-1504,1502,NA,NA
1504,-1505,1503,NA,NA
1505,-1506,605,1504,NA
1506,-1507,1505,NA,NA
1507,-1508,1506,NA,NA
1508,-1509,1507,NA,NA
1509,-1510,1508,NA,NA
1510,-1511,1509,NA,NA
1511,-1512,1510,NA,NA
1512,-1513,1511,NA,NA
1513,-1514,1512,NA,NA
1514,-1515,1513,NA,NA
1515,-1516,1514,NA,NA
1516,-1517,1515,NA,NA
1517,-1518,1516,NA,NA
1518,-1519,1517,NA,NA
1519,-1520,1518,NA,NA
1520,-1521,1519,NA,NA
1521,-1522,1520,NA,NA
1522,-1523,1521,NA,NA
1523,-1524,1522,NA,NA
1524,-1525,1523,NA,NA
1525,-1526,1524,NA,NA
1526,-1527,1525,NA,NA
1527,-1528,1526,NA,NA
1528,-1529,1527,NA,NA
1529,-1530,693,1528,NA
1530,-1531,1529,NA,NA
1531,-1532,1530,NA,NA
1532,-1533,1531,NA,NA
1533,-1534,1532,NA,NA
1534,-1535,1533,NA,NA
1535,-1536,1534,NA,NA
1536,-1537,1535,NA,NA
1537,-1538,1536,NA,NA
1538,-1539,1537,NA,NA
1539,-1540,1538,NA,NA
1540,-1541,1539,NA,NA
1541,-1542,1540,NA,NA
1542,-1543,1541,NA,NA
1543,-1544,1542,NA,NA
1544,-1545,1543,NA,NA
1545,-1546,1544,NA,NA
1546,-1547,1545,NA,NA
1547,-1548,1546,NA,NA
1548,-1549,1547,NA,NA
1549,-1550,1548,NA,NA
1550,-1551,1549,NA,NA
1551,-1552,1550,NA,NA
1552,-1553,1551,NA,NA
1553,-1554,1552,NA,NA
1554,-1555,1553,NA,NA
1555,-1556,1554,NA,NA
1556,-1557,1555,NA,NA
1557,-1558,1556,NA,NA
1558,-1559,1557,NA,NA
1559,-1560,1558,NA,NA
1560,-1561,1559,NA,NA
1561,-1562,1560,NA,NA
1562,-1563,1561,NA,NA
1563,-1564,1562,NA,NA
1564,-1565,1563,NA,NA
1565,-1566,1564,NA,NA
1566,-1567,1565,NA,NA
1567,-1568,1566,NA,NA
1568,-1569,1567,NA,NA
1569,-1570,1428,1568,NA
1570,-1571,1569,NA,NA
1571,-1572,1570,NA,NA
1572,-1573,1571,NA,NA
1573,-1574,1572,NA,NA
1574,-1575,1573,NA,NA
1575,-1576,1574,NA,NA
1576,-1577,1575,NA,NA
1577,-1578,1576,NA,NA
1578,-1579,1577,NA,NA
1579,-1580,1578,NA,NA
1580,-1581,1579,NA,NA
1581,-1582,1580,NA,NA
1582,-1583,1581,NA,NA
1583,-1584,1582,NA,NA
1584,-1585,505,1583,NA
1585,-1586,1584,NA,NA
1586,-1587,1585,NA,NA
1587,-1588,1586,NA,NA
1588,-1589,1587,NA,NA
1589,-1590,1588,NA,NA
1590,-1591,1589,NA,NA
1591,-1592,1590,NA,NA
1592,-1593,1591,NA,NA
1593,-1594,1592,NA,NA
1594,-1595,1593,NA,NA
1595,-1596,1594,NA,NA
1596,-1597,1595,NA,NA
1597,-1598,1596,NA,NA
1598,-1599,1597,NA,NA
1599,-1600,1450,1598,NA
1600,-1601,1599,NA,NA
1601,-1602,1600,NA,NA
1602,-1603,1601,NA,NA
1603,-1604,1602,NA,NA
1604,-1605,1603,NA,NA
1605,-1606,1604,NA,NA
1606,-1607,1605,NA,NA
1607,-1608,1240,1606,NA
1608,-1609,1607,NA,NA
1609,-1610,1608,NA,NA
1610,-1611,1609,NA,NA
1611,-1612,1610,NA,NA
1612,-1613,1611,NA,NA
1613,-1614,1612,NA,NA
1614,-1615,1613,NA,NA
1615,-1616,1614,NA,NA
1616,-1617,1615,NA,NA
1617,-1618,1616,NA,NA
1618,-1619,1617,NA,NA
1619,-1620,1618,NA,NA
1620,-1621,1619,NA,NA
1621,-1622,1620,NA,NA
1622,-1623,1621,NA,NA
1623,-1624,1622,NA,NA
1624,-1625,1623,NA,NA
1625,-1626,1624,NA,NA
1626,-1627,1625,NA,NA
1627,-1628,1626,NA,NA
1628,1627,NA,NA,NA
