per,nseg,icalc,outseg,iupseg,iprior,nstrpts,flow,runoff,etsw,pptsw,roughch,roughbk,cdpth,fdpth,awdth,bwdth,hcond1,thickm1,elevup,width1,depth1,thts1,thti1,eps1,uhc1,hcond2,thickm2,elevdn,width2,depth2,thts2,thti2,eps2,uhc2
0,1,1,5,0,0,0,0.0,0.0,0.0,0.0,0.037,0.0,0.0,0.0,0.0,0.0,0.0,0.0,1252.0701,9.65,0.0,0.0,0.0,0.0,0.0,0.0,0.0,640.91,9.24,0.0,0.0,0.0,0.0,0.0
0,2,1,5,0,0,0,0.0,0.0,0.0,0.0,0.037,0.0,0.0,0.0,0.0,0.0,0.0,0.0,1291.14,9.65,0.0,0.0,0.0,0.0,0.0,0.0,0.0,783.635,9.24,0.0,0.0,0.0,0.0,0.0
0,3,1,19,0,0,0,0.0,0.0,0.0,0.0,0.037,0.0,0.0,0.0,0.0,0.0,0.0,0.0,1093.0901,9.78,0.0,0.0,0.0,0.0,0.0,0.0,0.0,789.73,9.37,0.0,0.0,0.0,0.0,0.0
0,4,1,22,0,0,0,0.0,0.0,0.0,0.0,0.037,0.0,0.0,0.0,0.0,0.0,0.0,0.0,1170.1001,9.65,0.0,0.0,0.0,0.0,0.0,0.0,0.0,763.22,9.24,0.0,0.0,0.0,0.0,0.0
0,5,1,25,0,0,0,0.0,0.0,0.0,0.0,0.037,0.0,0.0,0.0,0.0,0.0,0.0,0.0,1278.7201,9.65,0.0,0.0,0.0,0.0,0.0,0.0,0.0,567.33,9.24,0.0,0.0,0.0,0.0,0.0
0,6,1,37,0,0,0,0.0,0.0,0.0,0.0,0.037,0.0,0.0,0.0,0.0,0.0,0.0,0.0,212.20457,4.75,0.0,0.0,0.0,0.0,0.0,0.0,0.0,210.11627,4.55,0.0,0.0,0.0,0.0,0.0
0,7,1,37,0,0,0,0.0,0.0,0.0,0.0,0.037,0.0,0.0,0.0,0.0,0.0,0.0,0.0,230.54001,4.75,0.0,0.0,0.0,0.0,0.0,0.0,0.0,214.379,4.55,0.0,0.0,0.0,0.0,0.0
0,8,1,42,0,0,0,0.0,0.0,0.0,0.0,0.037,0.0,0.0,0.0,0.0,0.0,0.0,0.0,1247.01,4.72,0.0,0.0,0.0,0.0,0.0,0.0,0.0,994.95,4.52,0.0,0.0,0.0,0.0,0.0
0,9,1,44,0,0,0,0.0,0.0,0.0,0.0,0.037,0.0,0.0,0.0,0.0,0.0,0.0,0.0,1070.12,2.97,0.0,0.0,0.0,0.0,0.0,0.0,0.0,703.2,2.84,0.0,0.0,0.0,0.0,0.0
0,10,1,55,0,0,0,0.0,0.0,0.0,0.0,0.037,0.0,0.0,0.0,0.0,0.0,0.0,0.0,1147.5352,10.04,0.0,0.0,0.0,0.0,0.0,0.0,0.0,919.51996,9.61,0.0,0.0,0.0,0.0,0.0
0,11,1,58,0,0,0,0.0,0.0,0.0,0.0,0.037,0.0,0.0,0.0,0.0,0.0,0.0,0.0,778.44,2.38,0.0,0.0,0.0,0.0,0.0,0.0,0.0,477.41998,2.28,0.0,0.0,0.0,0.0,0.0
0,12,1,59,0,0,0,0.0,0.0,0.0,0.0,0.037,0.0,0.0,0.0,0.0,0.0,0.0,0.0,676.32,4.08,0.0,0.0,0.0,0.0,0.0,0.0,0.0,518.45496,3.91,0.0,0.0,0.0,0.0,0.0
0,13,1,59,0,0,0,0.0,0.0,0.0,0.0,0.037,0.0,0.0,0.0,0.0,0.0,0.0,0.0,618.11,4.08,0.0,0.0,0.0,0.0,0.0,0.0,0.0,437.08997,3.91,0.0,0.0,0.0,0.0,0.0
0,14,1,59,0,0,0,0.0,0.0,0.0,0.0,0.037,0.0,0.0,0.0,0.0,0.0,0.0,0.0,764.45,4.08,0.0,0.0,0.0,0.0,0.0,0.0,0.0,472.18,3.91,0.0,0.0,0.0,0.0,0.0
0,15,1,66,0,0,0,0.0,0.0,0.0,0.0,0.037,0.0,0.0,0.0,0.0,0.0,0.0,0.0,1134.02,10.04,0.0,0.0,0.0,0.0,0.0,0.0,0.0,1020.22,9.61,0.0,0.0,0.0,0.0,0.0
0,16,1,92,0,0,0,0.0,0.0,0.0,0.0,0.037,0.0,0.0,0.0,0.0,0.0,0.0,0.0,824.35,3.96,0.0,0.0,0.0,0.0,0.0,0.0,0.0,597.8,3.8,0.0,0.0,0.0,0.0,0.0
0,17,1,92,0,0,0,0.0,0.0,0.0,0.0,0.037,0.0,0.0,0.0,0.0,0.0,0.0,0.0,827.42,3.96,0.0,0.0,0.0,0.0,0.0,0.0,0.0,543.86,3.8,0.0,0.0,0.0,0.0,0.0
0,18,1,117,0,0,0,0.0,0.0,0.0,0.0,0.037,0.0,0.0,0.0,0.0,0.0,0.0,0.0,614.53,2.93,0.0,0.0,0.0,0.0,0.0,0.0,0.0,458.15747,2.81,0.0,0.0,0.0,0.0,0.0
0,19,1,125,0,0,0,0.0,0.0,0.0,0.0,0.037,0.0,0.0,0.0,0.0,0.0,0.0,0.0,1013.19,9.78,0.0,0.0,0.0,0.0,0.0,0.0,0.0,732.8675,9.37,0.0,0.0,0.0,0.0,0.0
0,20,1,140,0,0,0,0.0,0.0,0.0,0.0,0.037,0.0,0.0,0.0,0.0,0.0,0.0,0.0,622.3,5.29,0.0,0.0,0.0,0.0,0.0,0.0,0.0,436.58,5.07,0.0,0.0,0.0,0.0,0.0
0,21,1,159,0,0,0,0.0,0.0,0.0,0.0,0.037,0.0,0.0,0.0,0.0,0.0,0.0,0.0,1177.03,3.26,0.0,0.0,0.0,0.0,0.0,0.0,0.0,715.45996,3.12,0.0,0.0,0.0,0.0,0.0
0,22,1,161,0,0,0,0.0,0.0,0.0,0.0,0.037,0.0,0.0,0.0,0.0,0.0,0.0,0.0,1198.13,9.65,0.0,0.0,0.0,0.0,0.0,0.0,0.0,564.45,9.24,0.0,0.0,0.0,0.0,0.0
0,23,1,161,0,0,0,0.0,0.0,0.0,0.0,0.037,0.0,0.0,0.0,0.0,0.0,0.0,0.0,799.425,9.65,0.0,0.0,0.0,0.0,0.0,0.0,0.0,548.5025,9.24,0.0,0.0,0.0,0.0,0.0
0,24,1,161,0,0,0,0.0,0.0,0.0,0.0,0.037,0.0,0.0,0.0,0.0,0.0,0.0,0.0,640.41,9.65,0.0,0.0,0.0,0.0,0.0,0.0,0.0,413.61874,9.24,0.0,0.0,0.0,0.0,0.0
0,25,1,161,0,0,0,0.0,0.0,0.0,0.0,0.037,0.0,0.0,0.0,0.0,0.0,0.0,0.0,1042.56,9.65,0.0,0.0,0.0,0.0,0.0,0.0,0.0,476.52997,9.24,0.0,0.0,0.0,0.0,0.0
0,26,1,161,0,0,0,0.0,0.0,0.0,0.0,0.037,0.0,0.0,0.0,0.0,0.0,0.0,0.0,996.74,9.65,0.0,0.0,0.0,0.0,0.0,0.0,0.0,651.12,9.24,0.0,0.0,0.0,0.0,0.0
0,27,1,162,0,0,0,0.0,0.0,0.0,0.0,0.037,0.0,0.0,0.0,0.0,0.0,0.0,0.0,687.22,5.01,0.0,0.0,0.0,0.0,0.0,0.0,0.0,504.77,4.8,0.0,0.0,0.0,0.0,0.0
0,28,1,162,0,0,0,0.0,0.0,0.0,0.0,0.037,0.0,0.0,0.0,0.0,0.0,0.0,0.0,736.37,5.01,0.0,0.0,0.0,0.0,0.0,0.0,0.0,487.09247,4.8,0.0,0.0,0.0,0.0,0.0
0,29,1,164,0,0,0,0.0,0.0,0.0,0.0,0.037,0.0,0.0,0.0,0.0,0.0,0.0,0.0,932.64,5.36,0.0,0.0,0.0,0.0,0.0,0.0,0.0,610.26,5.14,0.0,0.0,0.0,0.0,0.0
0,30,1,170,0,0,0,0.0,0.0,0.0,0.0,0.037,0.0,0.0,0.0,0.0,0.0,0.0,0.0,1036.63,8.98,0.0,0.0,0.0,0.0,0.0,0.0,0.0,832.40814,8.6,0.0,0.0,0.0,0.0,0.0
0,31,1,170,0,0,0,0.0,0.0,0.0,0.0,0.037,0.0,0.0,0.0,0.0,0.0,0.0,0.0,1068.31,8.98,0.0,0.0,0.0,0.0,0.0,0.0,0.0,863.75,8.6,0.0,0.0,0.0,0.0,0.0
0,32,1,170,0,0,0,0.0,0.0,0.0,0.0,0.037,0.0,0.0,0.0,0.0,0.0,0.0,0.0,1162.12,8.98,0.0,0.0,0.0,0.0,0.0,0.0,0.0,948.2848,8.6,0.0,0.0,0.0,0.0,0.0
0,33,1,178,0,0,0,0.0,0.0,0.0,0.0,0.037,0.0,0.0,0.0,0.0,0.0,0.0,0.0,250.66,12.32,0.0,0.0,0.0,0.0,0.0,0.0,0.0,243.29683,11.8,0.0,0.0,0.0,0.0,0.0
0,34,1,181,0,0,0,0.0,0.0,0.0,0.0,0.037,0.0,0.0,0.0,0.0,0.0,0.0,0.0,244.06,12.32,0.0,0.0,0.0,0.0,0.0,0.0,0.0,231.76721,11.8,0.0,0.0,0.0,0.0,0.0
0,35,1,189,0,0,0,0.0,0.0,0.0,0.0,0.037,0.0,0.0,0.0,0.0,0.0,0.0,0.0,209.65001,4.75,0.0,0.0,0.0,0.0,0.0,0.0,0.0,209.16292,4.55,0.0,0.0,0.0,0.0,0.0
0,36,1,189,0,0,0,0.0,0.0,0.0,0.0,0.037,0.0,0.0,0.0,0.0,0.0,0.0,0.0,236.41,4.75,0.0,0.0,0.0,0.0,0.0,0.0,0.0,217.77295,4.55,0.0,0.0,0.0,0.0,0.0
0,37,1,189,0,0,0,0.0,0.0,0.0,0.0,0.037,0.0,0.0,0.0,0.0,0.0,0.0,0.0,230.34,4.75,0.0,0.0,0.0,0.0,0.0,0.0,0.0,207.70386,4.55,0.0,0.0,0.0,0.0,0.0
0,38,1,189,0,0,0,0.0,0.0,0.0,0.0,0.037,0.0,0.0,0.0,0.0,0.0,0.0,0.0,230.48,4.75,0.0,0.0,0.0,0.0,0.0,0.0,0.0,214.46019,4.55,0.0,0.0,0.0,0.0,0.0
0,39,1,197,0,0,0,0.0,0.0,0.0,0.0,0.037,0.0,0.0,0.0,0.0,0.0,0.0,0.0,1167.3201,10.79,0.0,0.0,0.0,0.0,0.0,0.0,0.0,931.01996,10.34,0.0,0.0,0.0,0.0,0.0
0,40,1,197,0,0,0,0.0,0.0,0.0,0.0,0.037,0.0,0.0,0.0,0.0,0.0,0.0,0.0,1150.4401,10.79,0.0,0.0,0.0,0.0,0.0,0.0,0.0,992.48,10.34,0.0,0.0,0.0,0.0,0.0
0,41,1,201,0,0,0,0.0,0.0,0.0,0.0,0.037,0.0,0.0,0.0,0.0,0.0,0.0,0.0,1174.64,4.22,0.0,0.0,0.0,0.0,0.0,0.0,0.0,780.795,8.89,0.0,0.0,0.0,0.0,0.0
0,42,1,201,0,0,0,0.0,0.0,0.0,0.0,0.037,0.0,0.0,0.0,0.0,0.0,0.0,0.0,1259.9701,4.72,0.0,0.0,0.0,0.0,0.0,0.0,0.0,815.5682,4.52,0.0,0.0,0.0,0.0,0.0
0,43,1,201,0,0,0,0.0,0.0,0.0,0.0,0.037,0.0,0.0,0.0,0.0,0.0,0.0,0.0,1353.14,6.84,0.0,0.0,0.0,0.0,0.0,0.0,0.0,962.94,6.55,0.0,0.0,0.0,0.0,0.0
0,44,1,201,0,0,0,0.0,0.0,0.0,0.0,0.037,0.0,0.0,0.0,0.0,0.0,0.0,0.0,1175.25,2.97,0.0,0.0,0.0,0.0,0.0,0.0,0.0,687.70996,10.1,0.0,0.0,0.0,0.0,0.0
0,45,1,201,0,0,0,0.0,0.0,0.0,0.0,0.037,0.0,0.0,0.0,0.0,0.0,0.0,0.0,1217.405,6.84,0.0,0.0,0.0,0.0,0.0,0.0,0.0,860.9657,6.55,0.0,0.0,0.0,0.0,0.0
0,46,1,201,0,0,0,0.0,0.0,0.0,0.0,0.037,0.0,0.0,0.0,0.0,0.0,0.0,0.0,1197.92,6.84,0.0,0.0,0.0,0.0,0.0,0.0,0.0,881.95996,6.55,0.0,0.0,0.0,0.0,0.0
0,47,1,201,0,0,0,0.0,0.0,0.0,0.0,0.037,0.0,0.0,0.0,0.0,0.0,0.0,0.0,1360.52,6.84,0.0,0.0,0.0,0.0,0.0,0.0,0.0,965.9725,6.55,0.0,0.0,0.0,0.0,0.0
0,48,1,201,0,0,0,0.0,0.0,0.0,0.0,0.037,0.0,0.0,0.0,0.0,0.0,0.0,0.0,1254.0701,6.84,0.0,0.0,0.0,0.0,0.0,0.0,0.0,1013.18,6.55,0.0,0.0,0.0,0.0,0.0
0,49,1,201,0,0,0,0.0,0.0,0.0,0.0,0.037,0.0,0.0,0.0,0.0,0.0,0.0,0.0,972.33997,11.24,0.0,0.0,0.0,0.0,0.0,0.0,0.0,684.88,10.76,0.0,0.0,0.0,0.0,0.0
0,50,1,201,0,0,0,0.0,0.0,0.0,0.0,0.037,0.0,0.0,0.0,0.0,0.0,0.0,0.0,1064.77,10.55,0.0,0.0,0.0,0.0,0.0,0.0,0.0,698.83997,10.1,0.0,0.0,0.0,0.0,0.0
0,51,1,201,0,0,0,0.0,0.0,0.0,0.0,0.037,0.0,0.0,0.0,0.0,0.0,0.0,0.0,1085.43,10.55,0.0,0.0,0.0,0.0,0.0,0.0,0.0,726.99,10.1,0.0,0.0,0.0,0.0,0.0
0,52,1,201,0,0,0,0.0,0.0,0.0,0.0,0.037,0.0,0.0,0.0,0.0,0.0,0.0,0.0,1072.6501,4.38,0.0,0.0,0.0,0.0,0.0,0.0,0.0,760.8141,10.1,0.0,0.0,0.0,0.0,0.0
0,53,1,202,0,0,0,0.0,0.0,0.0,0.0,0.037,0.0,0.0,0.0,0.0,0.0,0.0,0.0,985.68,10.04,0.0,0.0,0.0,0.0,0.0,0.0,0.0,781.69,9.61,0.0,0.0,0.0,0.0,0.0
0,54,1,202,0,0,0,0.0,0.0,0.0,0.0,0.037,0.0,0.0,0.0,0.0,0.0,0.0,0.0,1032.77,10.04,0.0,0.0,0.0,0.0,0.0,0.0,0.0,789.91,9.61,0.0,0.0,0.0,0.0,0.0
0,55,1,202,0,0,0,0.0,0.0,0.0,0.0,0.037,0.0,0.0,0.0,0.0,0.0,0.0,0.0,1196.6101,10.04,0.0,0.0,0.0,0.0,0.0,0.0,0.0,911.545,9.61,0.0,0.0,0.0,0.0,0.0
0,56,1,202,0,0,0,0.0,0.0,0.0,0.0,0.037,0.0,0.0,0.0,0.0,0.0,0.0,0.0,1098.4401,10.04,0.0,0.0,0.0,0.0,0.0,0.0,0.0,963.28,9.61,0.0,0.0,0.0,0.0,0.0
0,57,1,204,0,0,0,0.0,0.0,0.0,0.0,0.037,0.0,0.0,0.0,0.0,0.0,0.0,0.0,664.55,1.92,0.0,0.0,0.0,0.0,0.0,0.0,0.0,442.26498,6.64,0.0,0.0,0.0,0.0,0.0
0,58,1,204,0,0,0,0.0,0.0,0.0,0.0,0.037,0.0,0.0,0.0,0.0,0.0,0.0,0.0,705.12,2.38,0.0,0.0,0.0,0.0,0.0,0.0,0.0,469.97333,6.0,0.0,0.0,0.0,0.0,0.0
0,59,1,204,0,0,0,0.0,0.0,0.0,0.0,0.037,0.0,0.0,0.0,0.0,0.0,0.0,0.0,649.28503,4.08,0.0,0.0,0.0,0.0,0.0,0.0,0.0,378.03998,7.9,0.0,0.0,0.0,0.0,0.0
0,60,1,204,0,0,0,0.0,0.0,0.0,0.0,0.037,0.0,0.0,0.0,0.0,0.0,0.0,0.0,953.62,5.18,0.0,0.0,0.0,0.0,0.0,0.0,0.0,614.17,4.96,0.0,0.0,0.0,0.0,0.0
0,61,1,204,0,0,0,0.0,0.0,0.0,0.0,0.037,0.0,0.0,0.0,0.0,0.0,0.0,0.0,1129.7101,5.18,0.0,0.0,0.0,0.0,0.0,0.0,0.0,734.22,4.96,0.0,0.0,0.0,0.0,0.0
0,62,1,204,0,0,0,0.0,0.0,0.0,0.0,0.037,0.0,0.0,0.0,0.0,0.0,0.0,0.0,637.82,8.24,0.0,0.0,0.0,0.0,0.0,0.0,0.0,370.31998,7.9,0.0,0.0,0.0,0.0,0.0
0,63,1,204,0,0,0,0.0,0.0,0.0,0.0,0.037,0.0,0.0,0.0,0.0,0.0,0.0,0.0,565.18,6.93,0.0,0.0,0.0,0.0,0.0,0.0,0.0,431.91998,6.64,0.0,0.0,0.0,0.0,0.0
0,64,1,204,0,0,0,0.0,0.0,0.0,0.0,0.037,0.0,0.0,0.0,0.0,0.0,0.0,0.0,1000.27997,2.09,0.0,0.0,0.0,0.0,0.0,0.0,0.0,554.62,4.96,0.0,0.0,0.0,0.0,0.0
0,65,1,208,0,0,0,0.0,0.0,0.0,0.0,0.037,0.0,0.0,0.0,0.0,0.0,0.0,0.0,1039.4801,10.04,0.0,0.0,0.0,0.0,0.0,0.0,0.0,936.68616,9.61,0.0,0.0,0.0,0.0,0.0
0,66,1,209,0,0,0,0.0,0.0,0.0,0.0,0.037,0.0,0.0,0.0,0.0,0.0,0.0,0.0,1145.375,10.04,0.0,0.0,0.0,0.0,0.0,0.0,0.0,982.8,9.61,0.0,0.0,0.0,0.0,0.0
0,67,1,213,0,0,0,0.0,0.0,0.0,0.0,0.037,0.0,0.0,0.0,0.0,0.0,0.0,0.0,493.56998,17.28,0.0,0.0,0.0,0.0,0.0,0.0,0.0,410.41998,3.09,0.0,0.0,0.0,0.0,0.0
0,68,1,214,0,0,0,0.0,0.0,0.0,0.0,0.037,0.0,0.0,0.0,0.0,0.0,0.0,0.0,443.08,17.28,0.0,0.0,0.0,0.0,0.0,0.0,0.0,432.58,16.55,0.0,0.0,0.0,0.0,0.0
0,69,1,224,0,0,0,0.0,0.0,0.0,0.0,0.037,0.0,0.0,0.0,0.0,0.0,0.0,0.0,216.27,1.0,0.0,0.0,0.0,0.0,0.0,0.0,0.0,210.98325,1.0,0.0,0.0,0.0,0.0,0.0
0,70,1,224,0,0,0,0.0,0.0,0.0,0.0,0.037,0.0,0.0,0.0,0.0,0.0,0.0,0.0,209.42,1.0,0.0,0.0,0.0,0.0,0.0,0.0,0.0,204.68062,1.0,0.0,0.0,0.0,0.0,0.0
0,71,1,224,0,0,0,0.0,0.0,0.0,0.0,0.037,0.0,0.0,0.0,0.0,0.0,0.0,0.0,227.47,1.0,0.0,0.0,0.0,0.0,0.0,0.0,0.0,205.41,1.0,0.0,0.0,0.0,0.0,0.0
0,72,1,226,0,0,0,0.0,0.0,0.0,0.0,0.037,0.0,0.0,0.0,0.0,0.0,0.0,0.0,543.79,3.26,0.0,0.0,0.0,0.0,0.0,0.0,0.0,343.3028,3.12,0.0,0.0,0.0,0.0,0.0
0,73,1,227,0,0,0,0.0,0.0,0.0,0.0,0.037,0.0,0.0,0.0,0.0,0.0,0.0,0.0,527.14,6.62,0.0,0.0,0.0,0.0,0.0,0.0,0.0,405.63467,6.34,0.0,0.0,0.0,0.0,0.0
0,74,1,227,0,0,0,0.0,0.0,0.0,0.0,0.037,0.0,0.0,0.0,0.0,0.0,0.0,0.0,516.33,6.62,0.0,0.0,0.0,0.0,0.0,0.0,0.0,389.59998,6.34,0.0,0.0,0.0,0.0,0.0
0,75,1,227,0,0,0,0.0,0.0,0.0,0.0,0.037,0.0,0.0,0.0,0.0,0.0,0.0,0.0,532.70996,6.62,0.0,0.0,0.0,0.0,0.0,0.0,0.0,413.37,6.34,0.0,0.0,0.0,0.0,0.0
0,76,1,227,0,0,0,0.0,0.0,0.0,0.0,0.037,0.0,0.0,0.0,0.0,0.0,0.0,0.0,567.74,6.62,0.0,0.0,0.0,0.0,0.0,0.0,0.0,472.47247,6.34,0.0,0.0,0.0,0.0,0.0
0,77,1,233,0,0,0,0.0,0.0,0.0,0.0,0.037,0.0,0.0,0.0,0.0,0.0,0.0,0.0,210.62001,1.0,0.0,0.0,0.0,0.0,0.0,0.0,0.0,208.955,1.0,0.0,0.0,0.0,0.0,0.0
0,78,1,235,0,0,0,0.0,0.0,0.0,0.0,0.037,0.0,0.0,0.0,0.0,0.0,0.0,0.0,365.00998,9.14,0.0,0.0,0.0,0.0,0.0,0.0,0.0,225.04865,8.76,0.0,0.0,0.0,0.0,0.0
0,79,1,239,0,0,0,0.0,0.0,0.0,0.0,0.037,0.0,0.0,0.0,0.0,0.0,0.0,0.0,241.96722,3.75,0.0,0.0,0.0,0.0,0.0,0.0,0.0,241.2475,11.62,0.0,0.0,0.0,0.0,0.0
0,80,1,239,0,0,0,0.0,0.0,0.0,0.0,0.037,0.0,0.0,0.0,0.0,0.0,0.0,0.0,826.115,6.04,0.0,0.0,0.0,0.0,0.0,0.0,0.0,695.73,5.79,0.0,0.0,0.0,0.0,0.0
0,81,1,239,0,0,0,0.0,0.0,0.0,0.0,0.037,0.0,0.0,0.0,0.0,0.0,0.0,0.0,273.4,12.13,0.0,0.0,0.0,0.0,0.0,0.0,0.0,268.52377,11.62,0.0,0.0,0.0,0.0,0.0
0,82,1,239,0,0,0,0.0,0.0,0.0,0.0,0.037,0.0,0.0,0.0,0.0,0.0,0.0,0.0,231.27,1.0,0.0,0.0,0.0,0.0,0.0,0.0,0.0,217.11,1.0,0.0,0.0,0.0,0.0,0.0
0,83,1,239,0,0,0,0.0,0.0,0.0,0.0,0.037,0.0,0.0,0.0,0.0,0.0,0.0,0.0,522.14996,10.41,0.0,0.0,0.0,0.0,0.0,0.0,0.0,340.40002,9.97,0.0,0.0,0.0,0.0,0.0
0,84,1,239,0,0,0,0.0,0.0,0.0,0.0,0.037,0.0,0.0,0.0,0.0,0.0,0.0,0.0,572.95,10.41,0.0,0.0,0.0,0.0,0.0,0.0,0.0,437.22998,9.97,0.0,0.0,0.0,0.0,0.0
0,85,1,239,0,0,0,0.0,0.0,0.0,0.0,0.037,0.0,0.0,0.0,0.0,0.0,0.0,0.0,1038.0,4.46,0.0,0.0,0.0,0.0,0.0,0.0,0.0,554.67,5.79,0.0,0.0,0.0,0.0,0.0
0,86,1,239,0,0,0,0.0,0.0,0.0,0.0,0.037,0.0,0.0,0.0,0.0,0.0,0.0,0.0,469.88998,2.09,0.0,0.0,0.0,0.0,0.0,0.0,0.0,323.65976,2.0,0.0,0.0,0.0,0.0,0.0
0,87,1,239,0,0,0,0.0,0.0,0.0,0.0,0.037,0.0,0.0,0.0,0.0,0.0,0.0,0.0,572.56,2.69,0.0,0.0,0.0,0.0,0.0,0.0,0.0,331.19,10.37,0.0,0.0,0.0,0.0,0.0
0,88,1,239,0,0,0,0.0,0.0,0.0,0.0,0.037,0.0,0.0,0.0,0.0,0.0,0.0,0.0,353.37,10.41,0.0,0.0,0.0,0.0,0.0,0.0,0.0,338.3143,9.97,0.0,0.0,0.0,0.0,0.0
0,89,1,239,0,0,0,0.0,0.0,0.0,0.0,0.037,0.0,0.0,0.0,0.0,0.0,0.0,0.0,570.99,10.41,0.0,0.0,0.0,0.0,0.0,0.0,0.0,353.37,9.97,0.0,0.0,0.0,0.0,0.0
0,90,1,239,0,0,0,0.0,0.0,0.0,0.0,0.037,0.0,0.0,0.0,0.0,0.0,0.0,0.0,582.38,10.41,0.0,0.0,0.0,0.0,0.0,0.0,0.0,389.15,9.97,0.0,0.0,0.0,0.0,0.0
0,91,1,239,0,0,0,0.0,0.0,0.0,0.0,0.037,0.0,0.0,0.0,0.0,0.0,0.0,0.0,681.05,10.41,0.0,0.0,0.0,0.0,0.0,0.0,0.0,431.77,9.97,0.0,0.0,0.0,0.0,0.0
0,92,1,239,0,0,0,0.0,0.0,0.0,0.0,0.037,0.0,0.0,0.0,0.0,0.0,0.0,0.0,767.39996,3.96,0.0,0.0,0.0,0.0,0.0,0.0,0.0,449.71,9.97,0.0,0.0,0.0,0.0,0.0
0,93,1,239,0,0,0,0.0,0.0,0.0,0.0,0.037,0.0,0.0,0.0,0.0,0.0,0.0,0.0,224.13,1.0,0.0,0.0,0.0,0.0,0.0,0.0,0.0,203.62187,1.0,0.0,0.0,0.0,0.0,0.0
0,94,1,239,0,0,0,0.0,0.0,0.0,0.0,0.037,0.0,0.0,0.0,0.0,0.0,0.0,0.0,241.10167,12.13,0.0,0.0,0.0,0.0,0.0,0.0,0.0,219.17375,1.0,0.0,0.0,0.0,0.0,0.0
0,95,1,239,0,0,0,0.0,0.0,0.0,0.0,0.037,0.0,0.0,0.0,0.0,0.0,0.0,0.0,274.66248,35.58,0.0,0.0,0.0,0.0,0.0,0.0,0.0,235.56175,11.62,0.0,0.0,0.0,0.0,0.0
0,96,1,239,0,0,0,0.0,0.0,0.0,0.0,0.037,0.0,0.0,0.0,0.0,0.0,0.0,0.0,295.31,1.75,0.0,0.0,0.0,0.0,0.0,0.0,0.0,285.24,11.62,0.0,0.0,0.0,0.0,0.0
0,97,1,239,0,0,0,0.0,0.0,0.0,0.0,0.037,0.0,0.0,0.0,0.0,0.0,0.0,0.0,386.37,2.14,0.0,0.0,0.0,0.0,0.0,0.0,0.0,295.1931,10.72,0.0,0.0,0.0,0.0,0.0
0,98,1,239,0,0,0,0.0,0.0,0.0,0.0,0.037,0.0,0.0,0.0,0.0,0.0,0.0,0.0,449.70996,1.62,0.0,0.0,0.0,0.0,0.0,0.0,0.0,324.25998,10.37,0.0,0.0,0.0,0.0,0.0
0,99,1,242,0,0,0,0.0,0.0,0.0,0.0,0.037,0.0,0.0,0.0,0.0,0.0,0.0,0.0,236.38,1.0,0.0,0.0,0.0,0.0,0.0,0.0,0.0,198.69,1.0,0.0,0.0,0.0,0.0,0.0
0,100,1,243,0,0,0,0.0,0.0,0.0,0.0,0.037,0.0,0.0,0.0,0.0,0.0,0.0,0.0,230.20001,1.0,0.0,0.0,0.0,0.0,0.0,0.0,0.0,204.33702,1.0,0.0,0.0,0.0,0.0,0.0
0,101,1,245,0,0,0,0.0,0.0,0.0,0.0,0.037,0.0,0.0,0.0,0.0,0.0,0.0,0.0,454.56998,20.52,0.0,0.0,0.0,0.0,0.0,0.0,0.0,400.44998,19.66,0.0,0.0,0.0,0.0,0.0
0,102,1,246,0,0,0,0.0,0.0,0.0,0.0,0.037,0.0,0.0,0.0,0.0,0.0,0.0,0.0,519.14,14.35,0.0,0.0,0.0,0.0,0.0,0.0,0.0,408.34998,13.75,0.0,0.0,0.0,0.0,0.0
0,103,1,251,0,0,0,0.0,0.0,0.0,0.0,0.037,0.0,0.0,0.0,0.0,0.0,0.0,0.0,412.5625,17.28,0.0,0.0,0.0,0.0,0.0,0.0,0.0,394.72,13.75,0.0,0.0,0.0,0.0,0.0
0,104,1,258,0,0,0,0.0,0.0,0.0,0.0,0.037,0.0,0.0,0.0,0.0,0.0,0.0,0.0,1134.28,4.02,0.0,0.0,0.0,0.0,0.0,0.0,0.0,824.01,3.85,0.0,0.0,0.0,0.0,0.0
0,105,1,260,0,0,0,0.0,0.0,0.0,0.0,0.037,0.0,0.0,0.0,0.0,0.0,0.0,0.0,1235.16,8.45,0.0,0.0,0.0,0.0,0.0,0.0,0.0,833.26,8.1,0.0,0.0,0.0,0.0,0.0
0,106,1,260,0,0,0,0.0,0.0,0.0,0.0,0.037,0.0,0.0,0.0,0.0,0.0,0.0,0.0,1164.5801,8.45,0.0,0.0,0.0,0.0,0.0,0.0,0.0,942.77997,8.1,0.0,0.0,0.0,0.0,0.0
0,107,1,262,0,0,0,0.0,0.0,0.0,0.0,0.037,0.0,0.0,0.0,0.0,0.0,0.0,0.0,644.77997,13.62,0.0,0.0,0.0,0.0,0.0,0.0,0.0,540.92,13.05,0.0,0.0,0.0,0.0,0.0
0,108,1,262,0,0,0,0.0,0.0,0.0,0.0,0.037,0.0,0.0,0.0,0.0,0.0,0.0,0.0,798.76,13.62,0.0,0.0,0.0,0.0,0.0,0.0,0.0,599.88,13.05,0.0,0.0,0.0,0.0,0.0
0,109,1,263,0,0,0,0.0,0.0,0.0,0.0,0.037,0.0,0.0,0.0,0.0,0.0,0.0,0.0,885.485,4.49,0.0,0.0,0.0,0.0,0.0,0.0,0.0,776.92,4.3,0.0,0.0,0.0,0.0,0.0
0,110,1,267,0,0,0,0.0,0.0,0.0,0.0,0.037,0.0,0.0,0.0,0.0,0.0,0.0,0.0,618.8,10.67,0.0,0.0,0.0,0.0,0.0,0.0,0.0,459.6056,10.22,0.0,0.0,0.0,0.0,0.0
0,111,1,267,0,0,0,0.0,0.0,0.0,0.0,0.037,0.0,0.0,0.0,0.0,0.0,0.0,0.0,690.86,10.67,0.0,0.0,0.0,0.0,0.0,0.0,0.0,493.04974,10.22,0.0,0.0,0.0,0.0,0.0
0,112,1,267,0,0,0,0.0,0.0,0.0,0.0,0.037,0.0,0.0,0.0,0.0,0.0,0.0,0.0,726.27997,10.67,0.0,0.0,0.0,0.0,0.0,0.0,0.0,563.51,10.22,0.0,0.0,0.0,0.0,0.0
0,113,1,267,0,0,0,0.0,0.0,0.0,0.0,0.037,0.0,0.0,0.0,0.0,0.0,0.0,0.0,955.39996,3.78,0.0,0.0,0.0,0.0,0.0,0.0,0.0,673.14996,7.07,0.0,0.0,0.0,0.0,0.0
0,114,1,267,0,0,0,0.0,0.0,0.0,0.0,0.037,0.0,0.0,0.0,0.0,0.0,0.0,0.0,739.035,10.67,0.0,0.0,0.0,0.0,0.0,0.0,0.0,543.83997,10.22,0.0,0.0,0.0,0.0,0.0
0,115,1,267,0,0,0,0.0,0.0,0.0,0.0,0.037,0.0,0.0,0.0,0.0,0.0,0.0,0.0,727.38,3.96,0.0,0.0,0.0,0.0,0.0,0.0,0.0,569.93,10.22,0.0,0.0,0.0,0.0,0.0
0,116,1,267,0,0,0,0.0,0.0,0.0,0.0,0.037,0.0,0.0,0.0,0.0,0.0,0.0,0.0,813.5616,4.46,0.0,0.0,0.0,0.0,0.0,0.0,0.0,645.614,8.24,0.0,0.0,0.0,0.0,0.0
0,117,1,267,0,0,0,0.0,0.0,0.0,0.0,0.037,0.0,0.0,0.0,0.0,0.0,0.0,0.0,649.1826,2.93,0.0,0.0,0.0,0.0,0.0,0.0,0.0,438.41623,10.22,0.0,0.0,0.0,0.0,0.0
0,118,1,267,0,0,0,0.0,0.0,0.0,0.0,0.037,0.0,0.0,0.0,0.0,0.0,0.0,0.0,600.02997,10.67,0.0,0.0,0.0,0.0,0.0,0.0,0.0,476.22998,10.22,0.0,0.0,0.0,0.0,0.0
0,119,1,267,0,0,0,0.0,0.0,0.0,0.0,0.037,0.0,0.0,0.0,0.0,0.0,0.0,0.0,645.33,10.67,0.0,0.0,0.0,0.0,0.0,0.0,0.0,477.0531,10.22,0.0,0.0,0.0,0.0,0.0
0,120,1,267,0,0,0,0.0,0.0,0.0,0.0,0.037,0.0,0.0,0.0,0.0,0.0,0.0,0.0,697.27997,10.67,0.0,0.0,0.0,0.0,0.0,0.0,0.0,502.58,10.22,0.0,0.0,0.0,0.0,0.0
0,121,1,269,0,0,0,0.0,0.0,0.0,0.0,0.037,0.0,0.0,0.0,0.0,0.0,0.0,0.0,1001.74,5.81,0.0,0.0,0.0,0.0,0.0,0.0,0.0,787.39996,5.57,0.0,0.0,0.0,0.0,0.0
0,122,1,269,0,0,0,0.0,0.0,0.0,0.0,0.037,0.0,0.0,0.0,0.0,0.0,0.0,0.0,974.33,5.81,0.0,0.0,0.0,0.0,0.0,0.0,0.0,837.26666,5.57,0.0,0.0,0.0,0.0,0.0
0,123,1,270,0,0,0,0.0,0.0,0.0,0.0,0.037,0.0,0.0,0.0,0.0,0.0,0.0,0.0,769.55,9.78,0.0,0.0,0.0,0.0,0.0,0.0,0.0,536.34375,9.37,0.0,0.0,0.0,0.0,0.0
0,124,1,270,0,0,0,0.0,0.0,0.0,0.0,0.037,0.0,0.0,0.0,0.0,0.0,0.0,0.0,910.49,9.78,0.0,0.0,0.0,0.0,0.0,0.0,0.0,655.28125,9.37,0.0,0.0,0.0,0.0,0.0
0,125,1,270,0,0,0,0.0,0.0,0.0,0.0,0.037,0.0,0.0,0.0,0.0,0.0,0.0,0.0,1038.24,9.78,0.0,0.0,0.0,0.0,0.0,0.0,0.0,686.01996,9.37,0.0,0.0,0.0,0.0,0.0
0,126,1,270,0,0,0,0.0,0.0,0.0,0.0,0.037,0.0,0.0,0.0,0.0,0.0,0.0,0.0,861.72,9.78,0.0,0.0,0.0,0.0,0.0,0.0,0.0,555.08185,9.37,0.0,0.0,0.0,0.0,0.0
0,127,1,270,0,0,0,0.0,0.0,0.0,0.0,0.037,0.0,0.0,0.0,0.0,0.0,0.0,0.0,904.51,9.78,0.0,0.0,0.0,0.0,0.0,0.0,0.0,575.1493,9.37,0.0,0.0,0.0,0.0,0.0
0,128,1,272,0,0,0,0.0,0.0,0.0,0.0,0.037,0.0,0.0,0.0,0.0,0.0,0.0,0.0,819.31,6.2,0.0,0.0,0.0,0.0,0.0,0.0,0.0,700.308,5.94,0.0,0.0,0.0,0.0,0.0
0,129,1,272,0,0,0,0.0,0.0,0.0,0.0,0.037,0.0,0.0,0.0,0.0,0.0,0.0,0.0,806.66,6.2,0.0,0.0,0.0,0.0,0.0,0.0,0.0,624.905,5.94,0.0,0.0,0.0,0.0,0.0
0,130,1,274,0,0,0,0.0,0.0,0.0,0.0,0.037,0.0,0.0,0.0,0.0,0.0,0.0,0.0,924.91003,9.76,0.0,0.0,0.0,0.0,0.0,0.0,0.0,817.12634,9.35,0.0,0.0,0.0,0.0,0.0
0,131,1,275,0,0,0,0.0,0.0,0.0,0.0,0.037,0.0,0.0,0.0,0.0,0.0,0.0,0.0,883.73,9.76,0.0,0.0,0.0,0.0,0.0,0.0,0.0,745.51996,9.35,0.0,0.0,0.0,0.0,0.0
0,132,1,275,0,0,0,0.0,0.0,0.0,0.0,0.037,0.0,0.0,0.0,0.0,0.0,0.0,0.0,897.01,9.76,0.0,0.0,0.0,0.0,0.0,0.0,0.0,774.01,9.35,0.0,0.0,0.0,0.0,0.0
0,133,1,279,0,0,0,0.0,0.0,0.0,0.0,0.037,0.0,0.0,0.0,0.0,0.0,0.0,0.0,649.76,6.3,0.0,0.0,0.0,0.0,0.0,0.0,0.0,451.03,6.03,0.0,0.0,0.0,0.0,0.0
0,134,1,279,0,0,0,0.0,0.0,0.0,0.0,0.037,0.0,0.0,0.0,0.0,0.0,0.0,0.0,580.145,6.3,0.0,0.0,0.0,0.0,0.0,0.0,0.0,481.4225,6.03,0.0,0.0,0.0,0.0,0.0
0,135,1,280,0,0,0,0.0,0.0,0.0,0.0,0.037,0.0,0.0,0.0,0.0,0.0,0.0,0.0,674.66,10.09,0.0,0.0,0.0,0.0,0.0,0.0,0.0,464.87,9.66,0.0,0.0,0.0,0.0,0.0
0,136,1,281,0,0,0,0.0,0.0,0.0,0.0,0.037,0.0,0.0,0.0,0.0,0.0,0.0,0.0,392.88998,5.86,0.0,0.0,0.0,0.0,0.0,0.0,0.0,387.1501,5.61,0.0,0.0,0.0,0.0,0.0
0,137,1,281,0,0,0,0.0,0.0,0.0,0.0,0.037,0.0,0.0,0.0,0.0,0.0,0.0,0.0,592.32996,5.86,0.0,0.0,0.0,0.0,0.0,0.0,0.0,416.18274,5.61,0.0,0.0,0.0,0.0,0.0
0,138,1,281,0,0,0,0.0,0.0,0.0,0.0,0.037,0.0,0.0,0.0,0.0,0.0,0.0,0.0,571.95996,5.86,0.0,0.0,0.0,0.0,0.0,0.0,0.0,435.62,5.61,0.0,0.0,0.0,0.0,0.0
0,139,1,282,0,0,0,0.0,0.0,0.0,0.0,0.037,0.0,0.0,0.0,0.0,0.0,0.0,0.0,546.58496,12.55,0.0,0.0,0.0,0.0,0.0,0.0,0.0,438.57123,12.02,0.0,0.0,0.0,0.0,0.0
0,140,1,287,0,0,0,0.0,0.0,0.0,0.0,0.037,0.0,0.0,0.0,0.0,0.0,0.0,0.0,642.925,5.29,0.0,0.0,0.0,0.0,0.0,0.0,0.0,382.95,5.07,0.0,0.0,0.0,0.0,0.0
0,141,1,287,0,0,0,0.0,0.0,0.0,0.0,0.037,0.0,0.0,0.0,0.0,0.0,0.0,0.0,469.24,5.29,0.0,0.0,0.0,0.0,0.0,0.0,0.0,343.985,5.07,0.0,0.0,0.0,0.0,0.0
0,142,1,288,0,0,0,0.0,0.0,0.0,0.0,0.037,0.0,0.0,0.0,0.0,0.0,0.0,0.0,700.02997,5.52,0.0,0.0,0.0,0.0,0.0,0.0,0.0,447.31,5.28,0.0,0.0,0.0,0.0,0.0
0,143,1,288,0,0,0,0.0,0.0,0.0,0.0,0.037,0.0,0.0,0.0,0.0,0.0,0.0,0.0,499.31998,5.52,0.0,0.0,0.0,0.0,0.0,0.0,0.0,397.50998,5.28,0.0,0.0,0.0,0.0,0.0
0,144,1,292,0,0,0,0.0,0.0,0.0,0.0,0.037,0.0,0.0,0.0,0.0,0.0,0.0,0.0,434.03998,4.3,0.0,0.0,0.0,0.0,0.0,0.0,0.0,327.87,4.12,0.0,0.0,0.0,0.0,0.0
0,145,1,293,0,0,0,0.0,0.0,0.0,0.0,0.037,0.0,0.0,0.0,0.0,0.0,0.0,0.0,426.25998,4.3,0.0,0.0,0.0,0.0,0.0,0.0,0.0,311.72437,4.12,0.0,0.0,0.0,0.0,0.0
0,146,1,295,0,0,0,0.0,0.0,0.0,0.0,0.037,0.0,0.0,0.0,0.0,0.0,0.0,0.0,230.35,1.0,0.0,0.0,0.0,0.0,0.0,0.0,0.0,216.98296,1.0,0.0,0.0,0.0,0.0,0.0
0,147,1,296,0,0,0,0.0,0.0,0.0,0.0,0.037,0.0,0.0,0.0,0.0,0.0,0.0,0.0,223.32,1.0,0.0,0.0,0.0,0.0,0.0,0.0,0.0,222.53285,1.0,0.0,0.0,0.0,0.0,0.0
0,148,1,296,0,0,0,0.0,0.0,0.0,0.0,0.037,0.0,0.0,0.0,0.0,0.0,0.0,0.0,225.19,1.0,0.0,0.0,0.0,0.0,0.0,0.0,0.0,214.49556,1.0,0.0,0.0,0.0,0.0,0.0
0,149,1,300,0,0,0,0.0,0.0,0.0,0.0,0.037,0.0,0.0,0.0,0.0,0.0,0.0,0.0,642.88,4.57,0.0,0.0,0.0,0.0,0.0,0.0,0.0,428.5575,4.38,0.0,0.0,0.0,0.0,0.0
0,150,1,308,0,0,0,0.0,0.0,0.0,0.0,0.037,0.0,0.0,0.0,0.0,0.0,0.0,0.0,373.21,6.84,0.0,0.0,0.0,0.0,0.0,0.0,0.0,337.56998,6.55,0.0,0.0,0.0,0.0,0.0
0,151,1,308,0,0,0,0.0,0.0,0.0,0.0,0.037,0.0,0.0,0.0,0.0,0.0,0.0,0.0,391.44998,6.84,0.0,0.0,0.0,0.0,0.0,0.0,0.0,339.58,6.55,0.0,0.0,0.0,0.0,0.0
0,152,1,318,0,0,0,0.0,0.0,0.0,0.0,0.037,0.0,0.0,0.0,0.0,0.0,0.0,0.0,486.2075,2.24,0.0,0.0,0.0,0.0,0.0,0.0,0.0,374.15,2.14,0.0,0.0,0.0,0.0,0.0
0,153,1,319,0,0,0,0.0,0.0,0.0,0.0,0.037,0.0,0.0,0.0,0.0,0.0,0.0,0.0,639.14996,5.25,0.0,0.0,0.0,0.0,0.0,0.0,0.0,386.18,5.03,0.0,0.0,0.0,0.0,0.0
0,154,1,319,0,0,0,0.0,0.0,0.0,0.0,0.037,0.0,0.0,0.0,0.0,0.0,0.0,0.0,629.69,5.25,0.0,0.0,0.0,0.0,0.0,0.0,0.0,428.28568,5.03,0.0,0.0,0.0,0.0,0.0
0,155,1,323,0,0,0,0.0,0.0,0.0,0.0,0.037,0.0,0.0,0.0,0.0,0.0,0.0,0.0,936.39996,7.61,0.0,0.0,0.0,0.0,0.0,0.0,0.0,675.82996,7.29,0.0,0.0,0.0,0.0,0.0
0,156,1,323,0,0,0,0.0,0.0,0.0,0.0,0.037,0.0,0.0,0.0,0.0,0.0,0.0,0.0,1006.72,7.61,0.0,0.0,0.0,0.0,0.0,0.0,0.0,743.08,7.29,0.0,0.0,0.0,0.0,0.0
0,157,1,323,0,0,0,0.0,0.0,0.0,0.0,0.037,0.0,0.0,0.0,0.0,0.0,0.0,0.0,1101.5801,7.61,0.0,0.0,0.0,0.0,0.0,0.0,0.0,834.74,7.29,0.0,0.0,0.0,0.0,0.0
0,158,1,324,0,0,0,0.0,0.0,0.0,0.0,0.037,0.0,0.0,0.0,0.0,0.0,0.0,0.0,1025.365,9.85,0.0,0.0,0.0,0.0,0.0,0.0,0.0,911.68,9.44,0.0,0.0,0.0,0.0,0.0
0,159,1,329,0,0,0,0.0,0.0,0.0,0.0,0.037,0.0,0.0,0.0,0.0,0.0,0.0,0.0,1033.49,3.26,0.0,0.0,0.0,0.0,0.0,0.0,0.0,492.40997,5.14,0.0,0.0,0.0,0.0,0.0
0,160,1,329,0,0,0,0.0,0.0,0.0,0.0,0.037,0.0,0.0,0.0,0.0,0.0,0.0,0.0,887.58,5.36,0.0,0.0,0.0,0.0,0.0,0.0,0.0,617.89,5.14,0.0,0.0,0.0,0.0,0.0
0,161,1,329,0,0,0,0.0,0.0,0.0,0.0,0.037,0.0,0.0,0.0,0.0,0.0,0.0,0.0,1014.08997,9.65,0.0,0.0,0.0,0.0,0.0,0.0,0.0,409.26,12.52,0.0,0.0,0.0,0.0,0.0
0,162,1,329,0,0,0,0.0,0.0,0.0,0.0,0.037,0.0,0.0,0.0,0.0,0.0,0.0,0.0,737.12,5.01,0.0,0.0,0.0,0.0,0.0,0.0,0.0,423.44812,7.94,0.0,0.0,0.0,0.0,0.0
0,163,1,329,0,0,0,0.0,0.0,0.0,0.0,0.037,0.0,0.0,0.0,0.0,0.0,0.0,0.0,856.61,5.36,0.0,0.0,0.0,0.0,0.0,0.0,0.0,518.97,5.14,0.0,0.0,0.0,0.0,0.0
0,164,1,329,0,0,0,0.0,0.0,0.0,0.0,0.037,0.0,0.0,0.0,0.0,0.0,0.0,0.0,730.61,5.36,0.0,0.0,0.0,0.0,0.0,0.0,0.0,551.95996,5.14,0.0,0.0,0.0,0.0,0.0
0,165,1,329,0,0,0,0.0,0.0,0.0,0.0,0.037,0.0,0.0,0.0,0.0,0.0,0.0,0.0,1063.14,5.36,0.0,0.0,0.0,0.0,0.0,0.0,0.0,557.94995,5.14,0.0,0.0,0.0,0.0,0.0
0,166,1,329,0,0,0,0.0,0.0,0.0,0.0,0.037,0.0,0.0,0.0,0.0,0.0,0.0,0.0,878.48,5.36,0.0,0.0,0.0,0.0,0.0,0.0,0.0,577.86,5.14,0.0,0.0,0.0,0.0,0.0
0,167,1,329,0,0,0,0.0,0.0,0.0,0.0,0.037,0.0,0.0,0.0,0.0,0.0,0.0,0.0,675.57,13.06,0.0,0.0,0.0,0.0,0.0,0.0,0.0,380.18256,12.52,0.0,0.0,0.0,0.0,0.0
0,168,1,331,0,0,0,0.0,0.0,0.0,0.0,0.037,0.0,0.0,0.0,0.0,0.0,0.0,0.0,931.64996,8.98,0.0,0.0,0.0,0.0,0.0,0.0,0.0,602.62744,8.6,0.0,0.0,0.0,0.0,0.0
0,169,1,331,0,0,0,0.0,0.0,0.0,0.0,0.037,0.0,0.0,0.0,0.0,0.0,0.0,0.0,984.24,8.98,0.0,0.0,0.0,0.0,0.0,0.0,0.0,854.46,8.6,0.0,0.0,0.0,0.0,0.0
0,170,1,331,0,0,0,0.0,0.0,0.0,0.0,0.037,0.0,0.0,0.0,0.0,0.0,0.0,0.0,1213.16,8.98,0.0,0.0,0.0,0.0,0.0,0.0,0.0,679.6,8.6,0.0,0.0,0.0,0.0,0.0
0,171,1,335,0,0,0,0.0,0.0,0.0,0.0,0.037,0.0,0.0,0.0,0.0,0.0,0.0,0.0,817.86,16.54,0.0,0.0,0.0,0.0,0.0,0.0,0.0,581.1281,15.84,0.0,0.0,0.0,0.0,0.0
0,172,1,342,0,0,0,0.0,0.0,0.0,0.0,0.037,0.0,0.0,0.0,0.0,0.0,0.0,0.0,437.65,3.4,0.0,0.0,0.0,0.0,0.0,0.0,0.0,310.06342,3.25,0.0,0.0,0.0,0.0,0.0
0,173,1,346,0,0,0,0.0,0.0,0.0,0.0,0.037,0.0,0.0,0.0,0.0,0.0,0.0,0.0,257.34,12.32,0.0,0.0,0.0,0.0,0.0,0.0,0.0,242.60516,11.8,0.0,0.0,0.0,0.0,0.0
0,174,1,346,0,0,0,0.0,0.0,0.0,0.0,0.037,0.0,0.0,0.0,0.0,0.0,0.0,0.0,247.58,12.32,0.0,0.0,0.0,0.0,0.0,0.0,0.0,233.93126,11.8,0.0,0.0,0.0,0.0,0.0
0,175,1,347,0,0,0,0.0,0.0,0.0,0.0,0.037,0.0,0.0,0.0,0.0,0.0,0.0,0.0,270.4975,12.32,0.0,0.0,0.0,0.0,0.0,0.0,0.0,266.65,11.8,0.0,0.0,0.0,0.0,0.0
0,176,1,347,0,0,0,0.0,0.0,0.0,0.0,0.037,0.0,0.0,0.0,0.0,0.0,0.0,0.0,304.57,12.32,0.0,0.0,0.0,0.0,0.0,0.0,0.0,290.38998,11.8,0.0,0.0,0.0,0.0,0.0
0,177,1,347,0,0,0,0.0,0.0,0.0,0.0,0.037,0.0,0.0,0.0,0.0,0.0,0.0,0.0,244.47,12.32,0.0,0.0,0.0,0.0,0.0,0.0,0.0,231.3,11.8,0.0,0.0,0.0,0.0,0.0
0,178,1,347,0,0,0,0.0,0.0,0.0,0.0,0.037,0.0,0.0,0.0,0.0,0.0,0.0,0.0,251.71,12.32,0.0,0.0,0.0,0.0,0.0,0.0,0.0,238.62042,11.8,0.0,0.0,0.0,0.0,0.0
0,179,1,347,0,0,0,0.0,0.0,0.0,0.0,0.037,0.0,0.0,0.0,0.0,0.0,0.0,0.0,242.3,12.32,0.0,0.0,0.0,0.0,0.0,0.0,0.0,237.5,11.8,0.0,0.0,0.0,0.0,0.0
0,180,1,347,0,0,0,0.0,0.0,0.0,0.0,0.037,0.0,0.0,0.0,0.0,0.0,0.0,0.0,236.73,12.32,0.0,0.0,0.0,0.0,0.0,0.0,0.0,222.71,11.8,0.0,0.0,0.0,0.0,0.0
0,181,1,348,0,0,0,0.0,0.0,0.0,0.0,0.037,0.0,0.0,0.0,0.0,0.0,0.0,0.0,232.17,12.32,0.0,0.0,0.0,0.0,0.0,0.0,0.0,207.74033,11.8,0.0,0.0,0.0,0.0,0.0
0,182,1,349,0,0,0,0.0,0.0,0.0,0.0,0.037,0.0,0.0,0.0,0.0,0.0,0.0,0.0,261.02,7.79,0.0,0.0,0.0,0.0,0.0,0.0,0.0,226.235,7.46,0.0,0.0,0.0,0.0,0.0
0,183,1,349,0,0,0,0.0,0.0,0.0,0.0,0.037,0.0,0.0,0.0,0.0,0.0,0.0,0.0,309.12,7.79,0.0,0.0,0.0,0.0,0.0,0.0,0.0,254.8175,7.46,0.0,0.0,0.0,0.0,0.0
0,184,1,349,0,0,0,0.0,0.0,0.0,0.0,0.037,0.0,0.0,0.0,0.0,0.0,0.0,0.0,325.46,7.79,0.0,0.0,0.0,0.0,0.0,0.0,0.0,235.15384,7.46,0.0,0.0,0.0,0.0,0.0
0,185,1,349,0,0,0,0.0,0.0,0.0,0.0,0.037,0.0,0.0,0.0,0.0,0.0,0.0,0.0,329.84998,7.79,0.0,0.0,0.0,0.0,0.0,0.0,0.0,266.25998,7.46,0.0,0.0,0.0,0.0,0.0
0,186,1,350,0,0,0,0.0,0.0,0.0,0.0,0.037,0.0,0.0,0.0,0.0,0.0,0.0,0.0,245.61125,8.17,0.0,0.0,0.0,0.0,0.0,0.0,0.0,229.82281,5.57,0.0,0.0,0.0,0.0,0.0
0,187,1,350,0,0,0,0.0,0.0,0.0,0.0,0.037,0.0,0.0,0.0,0.0,0.0,0.0,0.0,497.87,5.81,0.0,0.0,0.0,0.0,0.0,0.0,0.0,381.89252,5.57,0.0,0.0,0.0,0.0,0.0
0,188,1,354,0,0,0,0.0,0.0,0.0,0.0,0.037,0.0,0.0,0.0,0.0,0.0,0.0,0.0,199.31,6.1,0.0,0.0,0.0,0.0,0.0,0.0,0.0,191.93044,5.84,0.0,0.0,0.0,0.0,0.0
0,189,1,354,0,0,0,0.0,0.0,0.0,0.0,0.037,0.0,0.0,0.0,0.0,0.0,0.0,0.0,222.48,11.08,0.0,0.0,0.0,0.0,0.0,0.0,0.0,205.27502,4.55,0.0,0.0,0.0,0.0,0.0
0,190,1,355,0,0,0,0.0,0.0,0.0,0.0,0.037,0.0,0.0,0.0,0.0,0.0,0.0,0.0,274.68,3.26,0.0,0.0,0.0,0.0,0.0,0.0,0.0,240.84,3.12,0.0,0.0,0.0,0.0,0.0
0,191,1,356,0,0,0,0.0,0.0,0.0,0.0,0.037,0.0,0.0,0.0,0.0,0.0,0.0,0.0,979.83997,8.45,0.0,0.0,0.0,0.0,0.0,0.0,0.0,916.44,8.1,0.0,0.0,0.0,0.0,0.0
0,192,1,359,0,0,0,0.0,0.0,0.0,0.0,0.037,0.0,0.0,0.0,0.0,0.0,0.0,0.0,890.32,10.79,0.0,0.0,0.0,0.0,0.0,0.0,0.0,876.6206,10.34,0.0,0.0,0.0,0.0,0.0
0,193,1,359,0,0,0,0.0,0.0,0.0,0.0,0.037,0.0,0.0,0.0,0.0,0.0,0.0,0.0,993.97,10.79,0.0,0.0,0.0,0.0,0.0,0.0,0.0,826.49,10.34,0.0,0.0,0.0,0.0,0.0
0,194,1,359,0,0,0,0.0,0.0,0.0,0.0,0.037,0.0,0.0,0.0,0.0,0.0,0.0,0.0,1135.37,10.79,0.0,0.0,0.0,0.0,0.0,0.0,0.0,951.41,10.34,0.0,0.0,0.0,0.0,0.0
0,195,1,359,0,0,0,0.0,0.0,0.0,0.0,0.037,0.0,0.0,0.0,0.0,0.0,0.0,0.0,1098.8501,10.79,0.0,0.0,0.0,0.0,0.0,0.0,0.0,952.33,10.34,0.0,0.0,0.0,0.0,0.0
0,196,1,359,0,0,0,0.0,0.0,0.0,0.0,0.037,0.0,0.0,0.0,0.0,0.0,0.0,0.0,1037.66,10.79,0.0,0.0,0.0,0.0,0.0,0.0,0.0,1002.8093,10.34,0.0,0.0,0.0,0.0,0.0
0,197,1,359,0,0,0,0.0,0.0,0.0,0.0,0.037,0.0,0.0,0.0,0.0,0.0,0.0,0.0,1101.52,10.79,0.0,0.0,0.0,0.0,0.0,0.0,0.0,726.20996,10.34,0.0,0.0,0.0,0.0,0.0
0,198,1,359,0,0,0,0.0,0.0,0.0,0.0,0.037,0.0,0.0,0.0,0.0,0.0,0.0,0.0,1109.38,10.79,0.0,0.0,0.0,0.0,0.0,0.0,0.0,780.0531,10.34,0.0,0.0,0.0,0.0,0.0
0,199,1,361,0,0,0,0.0,0.0,0.0,0.0,0.037,0.0,0.0,0.0,0.0,0.0,0.0,0.0,881.61,5.04,0.0,0.0,0.0,0.0,0.0,0.0,0.0,640.82,4.83,0.0,0.0,0.0,0.0,0.0
0,200,1,361,0,0,0,0.0,0.0,0.0,0.0,0.037,0.0,0.0,0.0,0.0,0.0,0.0,0.0,1010.24,5.04,0.0,0.0,0.0,0.0,0.0,0.0,0.0,682.27997,4.83,0.0,0.0,0.0,0.0,0.0
0,201,1,362,0,0,0,0.0,0.0,0.0,0.0,0.037,0.0,0.0,0.0,0.0,0.0,0.0,0.0,1323.9401,6.84,0.0,0.0,0.0,0.0,0.0,0.0,0.0,622.115,10.76,0.0,0.0,0.0,0.0,0.0
0,202,1,362,0,0,0,0.0,0.0,0.0,0.0,0.037,0.0,0.0,0.0,0.0,0.0,0.0,0.0,1037.295,10.04,0.0,0.0,0.0,0.0,0.0,0.0,0.0,732.20996,9.61,0.0,0.0,0.0,0.0,0.0
0,203,1,362,0,0,0,0.0,0.0,0.0,0.0,0.037,0.0,0.0,0.0,0.0,0.0,0.0,0.0,1217.64,10.04,0.0,0.0,0.0,0.0,0.0,0.0,0.0,839.685,9.61,0.0,0.0,0.0,0.0,0.0
0,204,1,362,0,0,0,0.0,0.0,0.0,0.0,0.037,0.0,0.0,0.0,0.0,0.0,0.0,0.0,1169.8601,5.18,0.0,0.0,0.0,0.0,0.0,0.0,0.0,328.635,18.26,0.0,0.0,0.0,0.0,0.0
0,205,1,362,0,0,0,0.0,0.0,0.0,0.0,0.037,0.0,0.0,0.0,0.0,0.0,0.0,0.0,796.26996,17.28,0.0,0.0,0.0,0.0,0.0,0.0,0.0,447.08804,16.55,0.0,0.0,0.0,0.0,0.0
0,206,1,362,0,0,0,0.0,0.0,0.0,0.0,0.037,0.0,0.0,0.0,0.0,0.0,0.0,0.0,1015.56995,15.5,0.0,0.0,0.0,0.0,0.0,0.0,0.0,502.72998,14.85,0.0,0.0,0.0,0.0,0.0
0,207,1,362,0,0,0,0.0,0.0,0.0,0.0,0.037,0.0,0.0,0.0,0.0,0.0,0.0,0.0,1158.52,15.5,0.0,0.0,0.0,0.0,0.0,0.0,0.0,573.31,14.85,0.0,0.0,0.0,0.0,0.0
0,208,1,362,0,0,0,0.0,0.0,0.0,0.0,0.037,0.0,0.0,0.0,0.0,0.0,0.0,0.0,1112.27,10.04,0.0,0.0,0.0,0.0,0.0,0.0,0.0,815.33,9.61,0.0,0.0,0.0,0.0,0.0
0,209,1,362,0,0,0,0.0,0.0,0.0,0.0,0.037,0.0,0.0,0.0,0.0,0.0,0.0,0.0,1185.06,10.04,0.0,0.0,0.0,0.0,0.0,0.0,0.0,928.0654,9.61,0.0,0.0,0.0,0.0,0.0
0,210,1,362,0,0,0,0.0,0.0,0.0,0.0,0.037,0.0,0.0,0.0,0.0,0.0,0.0,0.0,560.32,17.97,0.0,0.0,0.0,0.0,0.0,0.0,0.0,335.08313,17.22,0.0,0.0,0.0,0.0,0.0
0,211,1,362,0,0,0,0.0,0.0,0.0,0.0,0.037,0.0,0.0,0.0,0.0,0.0,0.0,0.0,591.31,17.97,0.0,0.0,0.0,0.0,0.0,0.0,0.0,392.90936,17.22,0.0,0.0,0.0,0.0,0.0
0,212,1,362,0,0,0,0.0,0.0,0.0,0.0,0.037,0.0,0.0,0.0,0.0,0.0,0.0,0.0,474.84,17.97,0.0,0.0,0.0,0.0,0.0,0.0,0.0,397.2982,17.22,0.0,0.0,0.0,0.0,0.0
0,213,1,362,0,0,0,0.0,0.0,0.0,0.0,0.037,0.0,0.0,0.0,0.0,0.0,0.0,0.0,772.89,3.22,0.0,0.0,0.0,0.0,0.0,0.0,0.0,409.63998,3.09,0.0,0.0,0.0,0.0,0.0
0,214,1,362,0,0,0,0.0,0.0,0.0,0.0,0.037,0.0,0.0,0.0,0.0,0.0,0.0,0.0,492.4,17.28,0.0,0.0,0.0,0.0,0.0,0.0,0.0,418.99,16.55,0.0,0.0,0.0,0.0,0.0
0,215,1,362,0,0,0,0.0,0.0,0.0,0.0,0.037,0.0,0.0,0.0,0.0,0.0,0.0,0.0,934.23,3.43,0.0,0.0,0.0,0.0,0.0,0.0,0.0,462.65,16.55,0.0,0.0,0.0,0.0,0.0
0,216,1,362,0,0,0,0.0,0.0,0.0,0.0,0.037,0.0,0.0,0.0,0.0,0.0,0.0,0.0,1110.75,3.22,0.0,0.0,0.0,0.0,0.0,0.0,0.0,500.02805,14.85,0.0,0.0,0.0,0.0,0.0
0,217,1,362,0,0,0,0.0,0.0,0.0,0.0,0.037,0.0,0.0,0.0,0.0,0.0,0.0,0.0,1173.2101,15.5,0.0,0.0,0.0,0.0,0.0,0.0,0.0,537.47,14.85,0.0,0.0,0.0,0.0,0.0
0,218,1,362,0,0,0,0.0,0.0,0.0,0.0,0.037,0.0,0.0,0.0,0.0,0.0,0.0,0.0,973.58,15.5,0.0,0.0,0.0,0.0,0.0,0.0,0.0,574.7,14.85,0.0,0.0,0.0,0.0,0.0
0,219,1,364,0,0,0,0.0,0.0,0.0,0.0,0.037,0.0,0.0,0.0,0.0,0.0,0.0,0.0,194.07,1.0,0.0,0.0,0.0,0.0,0.0,0.0,0.0,193.99745,1.0,0.0,0.0,0.0,0.0,0.0
0,220,1,364,0,0,0,0.0,0.0,0.0,0.0,0.037,0.0,0.0,0.0,0.0,0.0,0.0,0.0,215.44,1.0,0.0,0.0,0.0,0.0,0.0,0.0,0.0,208.11345,1.0,0.0,0.0,0.0,0.0,0.0
0,221,1,364,0,0,0,0.0,0.0,0.0,0.0,0.037,0.0,0.0,0.0,0.0,0.0,0.0,0.0,322.46,1.0,0.0,0.0,0.0,0.0,0.0,0.0,0.0,273.15997,1.0,0.0,0.0,0.0,0.0,0.0
0,222,1,364,0,0,0,0.0,0.0,0.0,0.0,0.037,0.0,0.0,0.0,0.0,0.0,0.0,0.0,336.47998,8.57,0.0,0.0,0.0,0.0,0.0,0.0,0.0,301.03998,8.21,0.0,0.0,0.0,0.0,0.0
0,223,1,364,0,0,0,0.0,0.0,0.0,0.0,0.037,0.0,0.0,0.0,0.0,0.0,0.0,0.0,239.65001,1.0,0.0,0.0,0.0,0.0,0.0,0.0,0.0,200.9776,1.0,0.0,0.0,0.0,0.0,0.0
0,224,1,364,0,0,0,0.0,0.0,0.0,0.0,0.037,0.0,0.0,0.0,0.0,0.0,0.0,0.0,223.95,1.0,0.0,0.0,0.0,0.0,0.0,0.0,0.0,202.14,1.0,0.0,0.0,0.0,0.0,0.0
0,225,1,364,0,0,0,0.0,0.0,0.0,0.0,0.037,0.0,0.0,0.0,0.0,0.0,0.0,0.0,368.22998,1.0,0.0,0.0,0.0,0.0,0.0,0.0,0.0,271.72998,1.0,0.0,0.0,0.0,0.0,0.0
0,226,1,364,0,0,0,0.0,0.0,0.0,0.0,0.037,0.0,0.0,0.0,0.0,0.0,0.0,0.0,554.2,3.26,0.0,0.0,0.0,0.0,0.0,0.0,0.0,294.78497,8.68,0.0,0.0,0.0,0.0,0.0
0,227,1,364,0,0,0,0.0,0.0,0.0,0.0,0.037,0.0,0.0,0.0,0.0,0.0,0.0,0.0,711.8,6.62,0.0,0.0,0.0,0.0,0.0,0.0,0.0,311.10333,8.21,0.0,0.0,0.0,0.0,0.0
0,228,1,364,0,0,0,0.0,0.0,0.0,0.0,0.037,0.0,0.0,0.0,0.0,0.0,0.0,0.0,212.52,1.0,0.0,0.0,0.0,0.0,0.0,0.0,0.0,200.50134,1.0,0.0,0.0,0.0,0.0,0.0
0,229,1,364,0,0,0,0.0,0.0,0.0,0.0,0.037,0.0,0.0,0.0,0.0,0.0,0.0,0.0,234.51001,1.0,0.0,0.0,0.0,0.0,0.0,0.0,0.0,203.93185,1.0,0.0,0.0,0.0,0.0,0.0
0,230,1,364,0,0,0,0.0,0.0,0.0,0.0,0.037,0.0,0.0,0.0,0.0,0.0,0.0,0.0,207.8416,1.0,0.0,0.0,0.0,0.0,0.0,0.0,0.0,203.3595,1.0,0.0,0.0,0.0,0.0,0.0
0,231,1,364,0,0,0,0.0,0.0,0.0,0.0,0.037,0.0,0.0,0.0,0.0,0.0,0.0,0.0,229.42,1.0,0.0,0.0,0.0,0.0,0.0,0.0,0.0,194.25938,1.0,0.0,0.0,0.0,0.0,0.0
0,232,1,364,0,0,0,0.0,0.0,0.0,0.0,0.037,0.0,0.0,0.0,0.0,0.0,0.0,0.0,229.29001,1.0,0.0,0.0,0.0,0.0,0.0,0.0,0.0,197.48581,1.0,0.0,0.0,0.0,0.0,0.0
0,233,1,364,0,0,0,0.0,0.0,0.0,0.0,0.037,0.0,0.0,0.0,0.0,0.0,0.0,0.0,225.12001,1.0,0.0,0.0,0.0,0.0,0.0,0.0,0.0,205.0216,1.0,0.0,0.0,0.0,0.0,0.0
0,234,1,364,0,0,0,0.0,0.0,0.0,0.0,0.037,0.0,0.0,0.0,0.0,0.0,0.0,0.0,219.37001,1.0,0.0,0.0,0.0,0.0,0.0,0.0,0.0,208.54344,1.0,0.0,0.0,0.0,0.0,0.0
0,235,1,364,0,0,0,0.0,0.0,0.0,0.0,0.037,0.0,0.0,0.0,0.0,0.0,0.0,0.0,255.92,9.14,0.0,0.0,0.0,0.0,0.0,0.0,0.0,216.0219,1.0,0.0,0.0,0.0,0.0,0.0
0,236,1,364,0,0,0,0.0,0.0,0.0,0.0,0.037,0.0,0.0,0.0,0.0,0.0,0.0,0.0,225.04501,1.0,0.0,0.0,0.0,0.0,0.0,0.0,0.0,219.29807,1.0,0.0,0.0,0.0,0.0,0.0
0,237,1,364,0,0,0,0.0,0.0,0.0,0.0,0.037,0.0,0.0,0.0,0.0,0.0,0.0,0.0,446.97998,2.33,0.0,0.0,0.0,0.0,0.0,0.0,0.0,286.94998,1.0,0.0,0.0,0.0,0.0,0.0
0,238,1,364,0,0,0,0.0,0.0,0.0,0.0,0.037,0.0,0.0,0.0,0.0,0.0,0.0,0.0,498.4,9.06,0.0,0.0,0.0,0.0,0.0,0.0,0.0,289.64,8.68,0.0,0.0,0.0,0.0,0.0
0,239,1,364,0,0,0,0.0,0.0,0.0,0.0,0.037,0.0,0.0,0.0,0.0,0.0,0.0,0.0,1151.3401,6.04,0.0,0.0,0.0,0.0,0.0,0.0,0.0,194.25938,1.0,0.0,0.0,0.0,0.0,0.0
0,240,1,364,0,0,0,0.0,0.0,0.0,0.0,0.037,0.0,0.0,0.0,0.0,0.0,0.0,0.0,517.98,3.36,0.0,0.0,0.0,0.0,0.0,0.0,0.0,336.84,4.71,0.0,0.0,0.0,0.0,0.0
0,241,1,364,0,0,0,0.0,0.0,0.0,0.0,0.037,0.0,0.0,0.0,0.0,0.0,0.0,0.0,561.87,3.9,0.0,0.0,0.0,0.0,0.0,0.0,0.0,475.35648,3.74,0.0,0.0,0.0,0.0,0.0
0,242,1,364,0,0,0,0.0,0.0,0.0,0.0,0.037,0.0,0.0,0.0,0.0,0.0,0.0,0.0,200.45271,1.0,0.0,0.0,0.0,0.0,0.0,0.0,0.0,195.5082,1.0,0.0,0.0,0.0,0.0,0.0
0,243,1,364,0,0,0,0.0,0.0,0.0,0.0,0.037,0.0,0.0,0.0,0.0,0.0,0.0,0.0,234.88,1.0,0.0,0.0,0.0,0.0,0.0,0.0,0.0,203.18001,1.0,0.0,0.0,0.0,0.0,0.0
0,244,1,368,0,0,0,0.0,0.0,0.0,0.0,0.037,0.0,0.0,0.0,0.0,0.0,0.0,0.0,1141.7001,6.39,0.0,0.0,0.0,0.0,0.0,0.0,0.0,947.16,6.13,0.0,0.0,0.0,0.0,0.0
0,245,1,373,0,0,0,0.0,0.0,0.0,0.0,0.037,0.0,0.0,0.0,0.0,0.0,0.0,0.0,425.31,20.52,0.0,0.0,0.0,0.0,0.0,0.0,0.0,394.1261,13.75,0.0,0.0,0.0,0.0,0.0
0,246,1,373,0,0,0,0.0,0.0,0.0,0.0,0.037,0.0,0.0,0.0,0.0,0.0,0.0,0.0,509.44998,14.35,0.0,0.0,0.0,0.0,0.0,0.0,0.0,403.23724,13.75,0.0,0.0,0.0,0.0,0.0
0,247,1,373,0,0,0,0.0,0.0,0.0,0.0,0.037,0.0,0.0,0.0,0.0,0.0,0.0,0.0,973.39996,12.26,0.0,0.0,0.0,0.0,0.0,0.0,0.0,490.64,11.74,0.0,0.0,0.0,0.0,0.0
0,248,1,373,0,0,0,0.0,0.0,0.0,0.0,0.037,0.0,0.0,0.0,0.0,0.0,0.0,0.0,1123.9501,10.74,0.0,0.0,0.0,0.0,0.0,0.0,0.0,617.12,10.29,0.0,0.0,0.0,0.0,0.0
0,249,1,373,0,0,0,0.0,0.0,0.0,0.0,0.037,0.0,0.0,0.0,0.0,0.0,0.0,0.0,1082.16,8.45,0.0,0.0,0.0,0.0,0.0,0.0,0.0,903.25,8.1,0.0,0.0,0.0,0.0,0.0
0,250,1,373,0,0,0,0.0,0.0,0.0,0.0,0.037,0.0,0.0,0.0,0.0,0.0,0.0,0.0,1283.8301,8.45,0.0,0.0,0.0,0.0,0.0,0.0,0.0,1108.25,8.1,0.0,0.0,0.0,0.0,0.0
0,251,1,373,0,0,0,0.0,0.0,0.0,0.0,0.037,0.0,0.0,0.0,0.0,0.0,0.0,0.0,401.10703,17.97,0.0,0.0,0.0,0.0,0.0,0.0,0.0,388.13498,13.75,0.0,0.0,0.0,0.0,0.0
0,252,1,373,0,0,0,0.0,0.0,0.0,0.0,0.037,0.0,0.0,0.0,0.0,0.0,0.0,0.0,1171.52,8.45,0.0,0.0,0.0,0.0,0.0,0.0,0.0,1000.799,8.1,0.0,0.0,0.0,0.0,0.0
0,253,1,373,0,0,0,0.0,0.0,0.0,0.0,0.037,0.0,0.0,0.0,0.0,0.0,0.0,0.0,756.83997,4.67,0.0,0.0,0.0,0.0,0.0,0.0,0.0,427.72,13.75,0.0,0.0,0.0,0.0,0.0
0,254,1,373,0,0,0,0.0,0.0,0.0,0.0,0.037,0.0,0.0,0.0,0.0,0.0,0.0,0.0,1134.99,3.72,0.0,0.0,0.0,0.0,0.0,0.0,0.0,476.74,12.2,0.0,0.0,0.0,0.0,0.0
0,255,1,373,0,0,0,0.0,0.0,0.0,0.0,0.037,0.0,0.0,0.0,0.0,0.0,0.0,0.0,831.82,12.26,0.0,0.0,0.0,0.0,0.0,0.0,0.0,502.33,11.74,0.0,0.0,0.0,0.0,0.0
0,256,1,373,0,0,0,0.0,0.0,0.0,0.0,0.037,0.0,0.0,0.0,0.0,0.0,0.0,0.0,1151.2151,4.05,0.0,0.0,0.0,0.0,0.0,0.0,0.0,580.25934,3.88,0.0,0.0,0.0,0.0,0.0
0,257,1,373,0,0,0,0.0,0.0,0.0,0.0,0.037,0.0,0.0,0.0,0.0,0.0,0.0,0.0,1124.4701,10.74,0.0,0.0,0.0,0.0,0.0,0.0,0.0,618.1,10.29,0.0,0.0,0.0,0.0,0.0
0,258,1,373,0,0,0,0.0,0.0,0.0,0.0,0.037,0.0,0.0,0.0,0.0,0.0,0.0,0.0,1256.24,4.02,0.0,0.0,0.0,0.0,0.0,0.0,0.0,652.24,3.85,0.0,0.0,0.0,0.0,0.0
0,259,1,373,0,0,0,0.0,0.0,0.0,0.0,0.037,0.0,0.0,0.0,0.0,0.0,0.0,0.0,1148.26,8.45,0.0,0.0,0.0,0.0,0.0,0.0,0.0,681.44,8.1,0.0,0.0,0.0,0.0,0.0
0,260,1,373,0,0,0,0.0,0.0,0.0,0.0,0.037,0.0,0.0,0.0,0.0,0.0,0.0,0.0,1239.77,8.45,0.0,0.0,0.0,0.0,0.0,0.0,0.0,720.95087,8.1,0.0,0.0,0.0,0.0,0.0
0,261,1,374,0,0,0,0.0,0.0,0.0,0.0,0.037,0.0,0.0,0.0,0.0,0.0,0.0,0.0,663.8,13.62,0.0,0.0,0.0,0.0,0.0,0.0,0.0,524.21875,13.05,0.0,0.0,0.0,0.0,0.0
0,262,1,374,0,0,0,0.0,0.0,0.0,0.0,0.037,0.0,0.0,0.0,0.0,0.0,0.0,0.0,769.0,13.62,0.0,0.0,0.0,0.0,0.0,0.0,0.0,511.75183,13.05,0.0,0.0,0.0,0.0,0.0
0,263,1,374,0,0,0,0.0,0.0,0.0,0.0,0.037,0.0,0.0,0.0,0.0,0.0,0.0,0.0,962.56,4.49,0.0,0.0,0.0,0.0,0.0,0.0,0.0,615.652,10.55,0.0,0.0,0.0,0.0,0.0
0,264,1,374,0,0,0,0.0,0.0,0.0,0.0,0.037,0.0,0.0,0.0,0.0,0.0,0.0,0.0,950.54,9.76,0.0,0.0,0.0,0.0,0.0,0.0,0.0,797.5437,9.35,0.0,0.0,0.0,0.0,0.0
0,265,1,374,0,0,0,0.0,0.0,0.0,0.0,0.037,0.0,0.0,0.0,0.0,0.0,0.0,0.0,723.95996,18.62,0.0,0.0,0.0,0.0,0.0,0.0,0.0,445.65842,17.84,0.0,0.0,0.0,0.0,0.0
0,266,1,374,0,0,0,0.0,0.0,0.0,0.0,0.037,0.0,0.0,0.0,0.0,0.0,0.0,0.0,691.51,13.62,0.0,0.0,0.0,0.0,0.0,0.0,0.0,498.00998,13.05,0.0,0.0,0.0,0.0,0.0
0,267,1,374,0,0,0,0.0,0.0,0.0,0.0,0.037,0.0,0.0,0.0,0.0,0.0,0.0,0.0,909.605,6.49,0.0,0.0,0.0,0.0,0.0,0.0,0.0,412.80222,11.08,0.0,0.0,0.0,0.0,0.0
0,268,1,374,0,0,0,0.0,0.0,0.0,0.0,0.037,0.0,0.0,0.0,0.0,0.0,0.0,0.0,994.74,5.29,0.0,0.0,0.0,0.0,0.0,0.0,0.0,457.71985,17.84,0.0,0.0,0.0,0.0,0.0
0,269,1,374,0,0,0,0.0,0.0,0.0,0.0,0.037,0.0,0.0,0.0,0.0,0.0,0.0,0.0,959.39996,5.81,0.0,0.0,0.0,0.0,0.0,0.0,0.0,464.75385,15.74,0.0,0.0,0.0,0.0,0.0
0,270,1,374,0,0,0,0.0,0.0,0.0,0.0,0.037,0.0,0.0,0.0,0.0,0.0,0.0,0.0,972.4781,9.78,0.0,0.0,0.0,0.0,0.0,0.0,0.0,484.56,9.37,0.0,0.0,0.0,0.0,0.0
0,271,1,374,0,0,0,0.0,0.0,0.0,0.0,0.037,0.0,0.0,0.0,0.0,0.0,0.0,0.0,721.44,13.62,0.0,0.0,0.0,0.0,0.0,0.0,0.0,537.396,13.05,0.0,0.0,0.0,0.0,0.0
0,272,1,374,0,0,0,0.0,0.0,0.0,0.0,0.037,0.0,0.0,0.0,0.0,0.0,0.0,0.0,880.81,6.2,0.0,0.0,0.0,0.0,0.0,0.0,0.0,558.688,13.05,0.0,0.0,0.0,0.0,0.0
0,273,1,374,0,0,0,0.0,0.0,0.0,0.0,0.037,0.0,0.0,0.0,0.0,0.0,0.0,0.0,834.5875,11.01,0.0,0.0,0.0,0.0,0.0,0.0,0.0,596.65,10.55,0.0,0.0,0.0,0.0,0.0
0,274,1,374,0,0,0,0.0,0.0,0.0,0.0,0.037,0.0,0.0,0.0,0.0,0.0,0.0,0.0,890.78,9.76,0.0,0.0,0.0,0.0,0.0,0.0,0.0,680.47,9.35,0.0,0.0,0.0,0.0,0.0
0,275,1,374,0,0,0,0.0,0.0,0.0,0.0,0.037,0.0,0.0,0.0,0.0,0.0,0.0,0.0,913.32,9.76,0.0,0.0,0.0,0.0,0.0,0.0,0.0,722.24,9.35,0.0,0.0,0.0,0.0,0.0
0,276,1,374,0,0,0,0.0,0.0,0.0,0.0,0.037,0.0,0.0,0.0,0.0,0.0,0.0,0.0,923.89996,9.76,0.0,0.0,0.0,0.0,0.0,0.0,0.0,835.9406,9.35,0.0,0.0,0.0,0.0,0.0
0,277,1,379,0,0,0,0.0,0.0,0.0,0.0,0.037,0.0,0.0,0.0,0.0,0.0,0.0,0.0,474.19,14.27,0.0,0.0,0.0,0.0,0.0,0.0,0.0,348.54437,13.68,0.0,0.0,0.0,0.0,0.0
0,278,1,379,0,0,0,0.0,0.0,0.0,0.0,0.037,0.0,0.0,0.0,0.0,0.0,0.0,0.0,595.72,12.55,0.0,0.0,0.0,0.0,0.0,0.0,0.0,416.34,12.02,0.0,0.0,0.0,0.0,0.0
0,279,1,379,0,0,0,0.0,0.0,0.0,0.0,0.037,0.0,0.0,0.0,0.0,0.0,0.0,0.0,610.73,6.3,0.0,0.0,0.0,0.0,0.0,0.0,0.0,420.78,12.02,0.0,0.0,0.0,0.0,0.0
0,280,1,379,0,0,0,0.0,0.0,0.0,0.0,0.037,0.0,0.0,0.0,0.0,0.0,0.0,0.0,620.73,10.09,0.0,0.0,0.0,0.0,0.0,0.0,0.0,459.47,9.66,0.0,0.0,0.0,0.0,0.0
0,281,1,379,0,0,0,0.0,0.0,0.0,0.0,0.037,0.0,0.0,0.0,0.0,0.0,0.0,0.0,511.50998,5.86,0.0,0.0,0.0,0.0,0.0,0.0,0.0,385.88998,12.02,0.0,0.0,0.0,0.0,0.0
0,282,1,379,0,0,0,0.0,0.0,0.0,0.0,0.037,0.0,0.0,0.0,0.0,0.0,0.0,0.0,623.0,12.55,0.0,0.0,0.0,0.0,0.0,0.0,0.0,399.90646,12.02,0.0,0.0,0.0,0.0,0.0
0,283,1,379,0,0,0,0.0,0.0,0.0,0.0,0.037,0.0,0.0,0.0,0.0,0.0,0.0,0.0,538.14,12.55,0.0,0.0,0.0,0.0,0.0,0.0,0.0,404.19,12.02,0.0,0.0,0.0,0.0,0.0
0,284,1,379,0,0,0,0.0,0.0,0.0,0.0,0.037,0.0,0.0,0.0,0.0,0.0,0.0,0.0,592.425,12.55,0.0,0.0,0.0,0.0,0.0,0.0,0.0,408.19,12.02,0.0,0.0,0.0,0.0,0.0
0,285,1,379,0,0,0,0.0,0.0,0.0,0.0,0.037,0.0,0.0,0.0,0.0,0.0,0.0,0.0,637.11,10.09,0.0,0.0,0.0,0.0,0.0,0.0,0.0,444.265,9.66,0.0,0.0,0.0,0.0,0.0
0,286,1,379,0,0,0,0.0,0.0,0.0,0.0,0.037,0.0,0.0,0.0,0.0,0.0,0.0,0.0,724.93,10.09,0.0,0.0,0.0,0.0,0.0,0.0,0.0,687.43,9.66,0.0,0.0,0.0,0.0,0.0
0,287,1,379,0,0,0,0.0,0.0,0.0,0.0,0.037,0.0,0.0,0.0,0.0,0.0,0.0,0.0,684.655,5.29,0.0,0.0,0.0,0.0,0.0,0.0,0.0,332.2968,15.05,0.0,0.0,0.0,0.0,0.0
0,288,1,379,0,0,0,0.0,0.0,0.0,0.0,0.037,0.0,0.0,0.0,0.0,0.0,0.0,0.0,728.23,5.52,0.0,0.0,0.0,0.0,0.0,0.0,0.0,344.7175,13.68,0.0,0.0,0.0,0.0,0.0
0,289,1,381,0,0,0,0.0,0.0,0.0,0.0,0.037,0.0,0.0,0.0,0.0,0.0,0.0,0.0,358.41998,3.56,0.0,0.0,0.0,0.0,0.0,0.0,0.0,294.19638,3.41,0.0,0.0,0.0,0.0,0.0
0,290,1,381,0,0,0,0.0,0.0,0.0,0.0,0.037,0.0,0.0,0.0,0.0,0.0,0.0,0.0,421.88998,3.56,0.0,0.0,0.0,0.0,0.0,0.0,0.0,315.25247,3.41,0.0,0.0,0.0,0.0,0.0
0,291,1,381,0,0,0,0.0,0.0,0.0,0.0,0.037,0.0,0.0,0.0,0.0,0.0,0.0,0.0,409.4,3.56,0.0,0.0,0.0,0.0,0.0,0.0,0.0,314.12,3.41,0.0,0.0,0.0,0.0,0.0
0,292,1,382,0,0,0,0.0,0.0,0.0,0.0,0.037,0.0,0.0,0.0,0.0,0.0,0.0,0.0,520.73,4.3,0.0,0.0,0.0,0.0,0.0,0.0,0.0,303.55908,4.12,0.0,0.0,0.0,0.0,0.0
0,293,1,382,0,0,0,0.0,0.0,0.0,0.0,0.037,0.0,0.0,0.0,0.0,0.0,0.0,0.0,425.505,4.3,0.0,0.0,0.0,0.0,0.0,0.0,0.0,305.7773,4.12,0.0,0.0,0.0,0.0,0.0
0,294,1,387,0,0,0,0.0,0.0,0.0,0.0,0.037,0.0,0.0,0.0,0.0,0.0,0.0,0.0,213.85,1.0,0.0,0.0,0.0,0.0,0.0,0.0,0.0,203.91347,1.0,0.0,0.0,0.0,0.0,0.0
0,295,1,387,0,0,0,0.0,0.0,0.0,0.0,0.037,0.0,0.0,0.0,0.0,0.0,0.0,0.0,226.05,1.0,0.0,0.0,0.0,0.0,0.0,0.0,0.0,212.56001,1.0,0.0,0.0,0.0,0.0,0.0
0,296,1,387,0,0,0,0.0,0.0,0.0,0.0,0.037,0.0,0.0,0.0,0.0,0.0,0.0,0.0,239.95,1.0,0.0,0.0,0.0,0.0,0.0,0.0,0.0,206.48463,1.0,0.0,0.0,0.0,0.0,0.0
0,297,1,387,0,0,0,0.0,0.0,0.0,0.0,0.037,0.0,0.0,0.0,0.0,0.0,0.0,0.0,230.845,1.0,0.0,0.0,0.0,0.0,0.0,0.0,0.0,202.8838,1.0,0.0,0.0,0.0,0.0,0.0
0,298,1,389,0,0,0,0.0,0.0,0.0,0.0,0.037,0.0,0.0,0.0,0.0,0.0,0.0,0.0,335.88,4.57,0.0,0.0,0.0,0.0,0.0,0.0,0.0,301.74,12.93,0.0,0.0,0.0,0.0,0.0
0,299,1,389,0,0,0,0.0,0.0,0.0,0.0,0.037,0.0,0.0,0.0,0.0,0.0,0.0,0.0,313.88998,13.49,0.0,0.0,0.0,0.0,0.0,0.0,0.0,294.53998,12.93,0.0,0.0,0.0,0.0,0.0
0,300,1,396,0,0,0,0.0,0.0,0.0,0.0,0.037,0.0,0.0,0.0,0.0,0.0,0.0,0.0,732.48,4.57,0.0,0.0,0.0,0.0,0.0,0.0,0.0,261.76,5.94,0.0,0.0,0.0,0.0,0.0
0,301,1,396,0,0,0,0.0,0.0,0.0,0.0,0.037,0.0,0.0,0.0,0.0,0.0,0.0,0.0,787.51996,6.2,0.0,0.0,0.0,0.0,0.0,0.0,0.0,403.81,5.94,0.0,0.0,0.0,0.0,0.0
0,302,1,396,0,0,0,0.0,0.0,0.0,0.0,0.037,0.0,0.0,0.0,0.0,0.0,0.0,0.0,515.45996,6.2,0.0,0.0,0.0,0.0,0.0,0.0,0.0,355.3225,5.94,0.0,0.0,0.0,0.0,0.0
0,303,1,396,0,0,0,0.0,0.0,0.0,0.0,0.037,0.0,0.0,0.0,0.0,0.0,0.0,0.0,541.36,6.2,0.0,0.0,0.0,0.0,0.0,0.0,0.0,374.06,5.94,0.0,0.0,0.0,0.0,0.0
0,304,1,396,0,0,0,0.0,0.0,0.0,0.0,0.037,0.0,0.0,0.0,0.0,0.0,0.0,0.0,603.24,6.2,0.0,0.0,0.0,0.0,0.0,0.0,0.0,426.44998,5.94,0.0,0.0,0.0,0.0,0.0
0,305,1,399,0,0,0,0.0,0.0,0.0,0.0,0.037,0.0,0.0,0.0,0.0,0.0,0.0,0.0,857.18,3.99,0.0,0.0,0.0,0.0,0.0,0.0,0.0,605.18463,3.82,0.0,0.0,0.0,0.0,0.0
0,306,1,402,0,0,0,0.0,0.0,0.0,0.0,0.037,0.0,0.0,0.0,0.0,0.0,0.0,0.0,575.48,3.75,0.0,0.0,0.0,0.0,0.0,0.0,0.0,324.14624,3.59,0.0,0.0,0.0,0.0,0.0
0,307,1,402,0,0,0,0.0,0.0,0.0,0.0,0.037,0.0,0.0,0.0,0.0,0.0,0.0,0.0,406.01373,3.22,0.0,0.0,0.0,0.0,0.0,0.0,0.0,298.65298,3.09,0.0,0.0,0.0,0.0,0.0
0,308,1,402,0,0,0,0.0,0.0,0.0,0.0,0.037,0.0,0.0,0.0,0.0,0.0,0.0,0.0,453.37997,6.84,0.0,0.0,0.0,0.0,0.0,0.0,0.0,314.54626,3.59,0.0,0.0,0.0,0.0,0.0
0,309,1,402,0,0,0,0.0,0.0,0.0,0.0,0.037,0.0,0.0,0.0,0.0,0.0,0.0,0.0,470.87,3.75,0.0,0.0,0.0,0.0,0.0,0.0,0.0,344.47,3.59,0.0,0.0,0.0,0.0,0.0
0,310,1,403,0,0,0,0.0,0.0,0.0,0.0,0.037,0.0,0.0,0.0,0.0,0.0,0.0,0.0,900.3,3.81,0.0,0.0,0.0,0.0,0.0,0.0,0.0,574.8676,3.65,0.0,0.0,0.0,0.0,0.0
0,311,1,403,0,0,0,0.0,0.0,0.0,0.0,0.037,0.0,0.0,0.0,0.0,0.0,0.0,0.0,816.93,3.81,0.0,0.0,0.0,0.0,0.0,0.0,0.0,594.58,3.65,0.0,0.0,0.0,0.0,0.0
0,312,1,404,0,0,0,0.0,0.0,0.0,0.0,0.037,0.0,0.0,0.0,0.0,0.0,0.0,0.0,574.89246,12.26,0.0,0.0,0.0,0.0,0.0,0.0,0.0,572.336,11.74,0.0,0.0,0.0,0.0,0.0
0,313,1,404,0,0,0,0.0,0.0,0.0,0.0,0.037,0.0,0.0,0.0,0.0,0.0,0.0,0.0,575.875,12.26,0.0,0.0,0.0,0.0,0.0,0.0,0.0,564.86,11.74,0.0,0.0,0.0,0.0,0.0
0,314,1,404,0,0,0,0.0,0.0,0.0,0.0,0.037,0.0,0.0,0.0,0.0,0.0,0.0,0.0,710.55,21.46,0.0,0.0,0.0,0.0,0.0,0.0,0.0,309.3643,20.56,0.0,0.0,0.0,0.0,0.0
0,315,1,404,0,0,0,0.0,0.0,0.0,0.0,0.037,0.0,0.0,0.0,0.0,0.0,0.0,0.0,790.93,16.54,0.0,0.0,0.0,0.0,0.0,0.0,0.0,465.92218,15.84,0.0,0.0,0.0,0.0,0.0
0,316,1,404,0,0,0,0.0,0.0,0.0,0.0,0.037,0.0,0.0,0.0,0.0,0.0,0.0,0.0,706.70996,16.54,0.0,0.0,0.0,0.0,0.0,0.0,0.0,498.11,15.84,0.0,0.0,0.0,0.0,0.0
0,317,1,404,0,0,0,0.0,0.0,0.0,0.0,0.037,0.0,0.0,0.0,0.0,0.0,0.0,0.0,248.06754,22.16,0.0,0.0,0.0,0.0,0.0,0.0,0.0,228.504,21.23,0.0,0.0,0.0,0.0,0.0
0,318,1,404,0,0,0,0.0,0.0,0.0,0.0,0.037,0.0,0.0,0.0,0.0,0.0,0.0,0.0,533.68,2.24,0.0,0.0,0.0,0.0,0.0,0.0,0.0,317.83664,2.14,0.0,0.0,0.0,0.0,0.0
0,319,1,404,0,0,0,0.0,0.0,0.0,0.0,0.037,0.0,0.0,0.0,0.0,0.0,0.0,0.0,665.55994,5.25,0.0,0.0,0.0,0.0,0.0,0.0,0.0,321.16998,20.36,0.0,0.0,0.0,0.0,0.0
0,320,1,404,0,0,0,0.0,0.0,0.0,0.0,0.037,0.0,0.0,0.0,0.0,0.0,0.0,0.0,589.92,19.57,0.0,0.0,0.0,0.0,0.0,0.0,0.0,357.9325,18.75,0.0,0.0,0.0,0.0,0.0
0,321,1,404,0,0,0,0.0,0.0,0.0,0.0,0.037,0.0,0.0,0.0,0.0,0.0,0.0,0.0,662.1,16.54,0.0,0.0,0.0,0.0,0.0,0.0,0.0,389.15582,15.84,0.0,0.0,0.0,0.0,0.0
0,322,1,404,0,0,0,0.0,0.0,0.0,0.0,0.037,0.0,0.0,0.0,0.0,0.0,0.0,0.0,699.24,16.54,0.0,0.0,0.0,0.0,0.0,0.0,0.0,526.4782,15.84,0.0,0.0,0.0,0.0,0.0
0,323,1,404,0,0,0,0.0,0.0,0.0,0.0,0.037,0.0,0.0,0.0,0.0,0.0,0.0,0.0,1201.03,7.61,0.0,0.0,0.0,0.0,0.0,0.0,0.0,620.85,7.29,0.0,0.0,0.0,0.0,0.0
0,324,1,404,0,0,0,0.0,0.0,0.0,0.0,0.037,0.0,0.0,0.0,0.0,0.0,0.0,0.0,1136.9701,9.85,0.0,0.0,0.0,0.0,0.0,0.0,0.0,864.88,9.44,0.0,0.0,0.0,0.0,0.0
0,325,1,404,0,0,0,0.0,0.0,0.0,0.0,0.037,0.0,0.0,0.0,0.0,0.0,0.0,0.0,1002.01,16.54,0.0,0.0,0.0,0.0,0.0,0.0,0.0,411.40936,15.84,0.0,0.0,0.0,0.0,0.0
0,326,1,404,0,0,0,0.0,0.0,0.0,0.0,0.037,0.0,0.0,0.0,0.0,0.0,0.0,0.0,455.39996,1.48,0.0,0.0,0.0,0.0,0.0,0.0,0.0,303.6,21.23,0.0,0.0,0.0,0.0,0.0
0,327,1,404,0,0,0,0.0,0.0,0.0,0.0,0.037,0.0,0.0,0.0,0.0,0.0,0.0,0.0,768.83,16.54,0.0,0.0,0.0,0.0,0.0,0.0,0.0,407.7426,15.84,0.0,0.0,0.0,0.0,0.0
0,328,1,404,0,0,0,0.0,0.0,0.0,0.0,0.037,0.0,0.0,0.0,0.0,0.0,0.0,0.0,599.88,16.54,0.0,0.0,0.0,0.0,0.0,0.0,0.0,445.29,15.84,0.0,0.0,0.0,0.0,0.0
0,329,1,404,0,0,0,0.0,0.0,0.0,0.0,0.037,0.0,0.0,0.0,0.0,0.0,0.0,0.0,774.91,5.36,0.0,0.0,0.0,0.0,0.0,0.0,0.0,372.21,15.84,0.0,0.0,0.0,0.0,0.0
0,330,1,404,0,0,0,0.0,0.0,0.0,0.0,0.037,0.0,0.0,0.0,0.0,0.0,0.0,0.0,670.47,16.54,0.0,0.0,0.0,0.0,0.0,0.0,0.0,520.39246,15.84,0.0,0.0,0.0,0.0,0.0
0,331,1,404,0,0,0,0.0,0.0,0.0,0.0,0.037,0.0,0.0,0.0,0.0,0.0,0.0,0.0,1059.765,8.98,0.0,0.0,0.0,0.0,0.0,0.0,0.0,540.92,8.6,0.0,0.0,0.0,0.0,0.0
0,332,1,404,0,0,0,0.0,0.0,0.0,0.0,0.037,0.0,0.0,0.0,0.0,0.0,0.0,0.0,795.33997,12.26,0.0,0.0,0.0,0.0,0.0,0.0,0.0,561.3473,11.74,0.0,0.0,0.0,0.0,0.0
0,333,1,404,0,0,0,0.0,0.0,0.0,0.0,0.037,0.0,0.0,0.0,0.0,0.0,0.0,0.0,1034.8301,9.85,0.0,0.0,0.0,0.0,0.0,0.0,0.0,678.41,9.44,0.0,0.0,0.0,0.0,0.0
0,334,1,404,0,0,0,0.0,0.0,0.0,0.0,0.037,0.0,0.0,0.0,0.0,0.0,0.0,0.0,1192.0801,9.85,0.0,0.0,0.0,0.0,0.0,0.0,0.0,906.76,9.44,0.0,0.0,0.0,0.0,0.0
0,335,1,404,0,0,0,0.0,0.0,0.0,0.0,0.037,0.0,0.0,0.0,0.0,0.0,0.0,0.0,1022.77997,16.54,0.0,0.0,0.0,0.0,0.0,0.0,0.0,464.03604,15.84,0.0,0.0,0.0,0.0,0.0
0,336,1,404,0,0,0,0.0,0.0,0.0,0.0,0.037,0.0,0.0,0.0,0.0,0.0,0.0,0.0,757.55,16.54,0.0,0.0,0.0,0.0,0.0,0.0,0.0,467.6375,15.84,0.0,0.0,0.0,0.0,0.0
0,337,1,404,0,0,0,0.0,0.0,0.0,0.0,0.037,0.0,0.0,0.0,0.0,0.0,0.0,0.0,534.64,21.26,0.0,0.0,0.0,0.0,0.0,0.0,0.0,320.6875,20.36,0.0,0.0,0.0,0.0,0.0
0,338,1,404,0,0,0,0.0,0.0,0.0,0.0,0.037,0.0,0.0,0.0,0.0,0.0,0.0,0.0,569.91,21.2,0.0,0.0,0.0,0.0,0.0,0.0,0.0,331.08,20.31,0.0,0.0,0.0,0.0,0.0
0,339,1,404,0,0,0,0.0,0.0,0.0,0.0,0.037,0.0,0.0,0.0,0.0,0.0,0.0,0.0,543.22,21.2,0.0,0.0,0.0,0.0,0.0,0.0,0.0,352.38068,20.31,0.0,0.0,0.0,0.0,0.0
0,340,1,404,0,0,0,0.0,0.0,0.0,0.0,0.037,0.0,0.0,0.0,0.0,0.0,0.0,0.0,650.6,3.69,0.0,0.0,0.0,0.0,0.0,0.0,0.0,354.26773,20.31,0.0,0.0,0.0,0.0,0.0
0,341,1,405,0,0,0,0.0,0.0,0.0,0.0,0.037,0.0,0.0,0.0,0.0,0.0,0.0,0.0,492.3,3.4,0.0,0.0,0.0,0.0,0.0,0.0,0.0,394.03,3.25,0.0,0.0,0.0,0.0,0.0
0,342,1,405,0,0,0,0.0,0.0,0.0,0.0,0.037,0.0,0.0,0.0,0.0,0.0,0.0,0.0,458.58,3.4,0.0,0.0,0.0,0.0,0.0,0.0,0.0,262.91125,3.25,0.0,0.0,0.0,0.0,0.0
0,343,1,406,0,0,0,0.0,0.0,0.0,0.0,0.037,0.0,0.0,0.0,0.0,0.0,0.0,0.0,537.14,4.22,0.0,0.0,0.0,0.0,0.0,0.0,0.0,384.825,4.04,0.0,0.0,0.0,0.0,0.0
0,344,1,406,0,0,0,0.0,0.0,0.0,0.0,0.037,0.0,0.0,0.0,0.0,0.0,0.0,0.0,256.81,4.22,0.0,0.0,0.0,0.0,0.0,0.0,0.0,246.2425,4.04,0.0,0.0,0.0,0.0,0.0
0,345,1,406,0,0,0,0.0,0.0,0.0,0.0,0.037,0.0,0.0,0.0,0.0,0.0,0.0,0.0,296.84998,4.22,0.0,0.0,0.0,0.0,0.0,0.0,0.0,272.63998,4.04,0.0,0.0,0.0,0.0,0.0
0,346,1,407,0,0,0,0.0,0.0,0.0,0.0,0.037,0.0,0.0,0.0,0.0,0.0,0.0,0.0,280.505,22.16,0.0,0.0,0.0,0.0,0.0,0.0,0.0,205.05606,11.8,0.0,0.0,0.0,0.0,0.0
0,347,1,407,0,0,0,0.0,0.0,0.0,0.0,0.037,0.0,0.0,0.0,0.0,0.0,0.0,0.0,293.39905,0.0,0.0,0.0,0.0,0.0,0.0,0.0,0.0,208.99666,11.8,0.0,0.0,0.0,0.0,0.0
0,348,1,407,0,0,0,0.0,0.0,0.0,0.0,0.037,0.0,0.0,0.0,0.0,0.0,0.0,0.0,223.95,12.32,0.0,0.0,0.0,0.0,0.0,0.0,0.0,203.46642,11.8,0.0,0.0,0.0,0.0,0.0
0,349,1,408,0,0,0,0.0,0.0,0.0,0.0,0.037,0.0,0.0,0.0,0.0,0.0,0.0,0.0,389.81998,7.79,0.0,0.0,0.0,0.0,0.0,0.0,0.0,212.64542,7.46,0.0,0.0,0.0,0.0,0.0
0,350,1,409,0,0,0,0.0,0.0,0.0,0.0,0.037,0.0,0.0,0.0,0.0,0.0,0.0,0.0,661.84,5.81,0.0,0.0,0.0,0.0,0.0,0.0,0.0,226.27533,8.46,0.0,0.0,0.0,0.0,0.0
0,351,1,409,0,0,0,0.0,0.0,0.0,0.0,0.037,0.0,0.0,0.0,0.0,0.0,0.0,0.0,610.58,4.99,0.0,0.0,0.0,0.0,0.0,0.0,0.0,254.62024,4.78,0.0,0.0,0.0,0.0,0.0
0,352,1,410,0,0,0,0.0,0.0,0.0,0.0,0.037,0.0,0.0,0.0,0.0,0.0,0.0,0.0,211.35,4.36,0.0,0.0,0.0,0.0,0.0,0.0,0.0,197.55205,4.17,0.0,0.0,0.0,0.0,0.0
0,353,1,410,0,0,0,0.0,0.0,0.0,0.0,0.037,0.0,0.0,0.0,0.0,0.0,0.0,0.0,217.7124,4.75,0.0,0.0,0.0,0.0,0.0,0.0,0.0,196.41386,4.17,0.0,0.0,0.0,0.0,0.0
0,354,1,415,0,0,0,0.0,0.0,0.0,0.0,0.037,0.0,0.0,0.0,0.0,0.0,0.0,0.0,215.05,35.66,0.0,0.0,0.0,0.0,0.0,0.0,0.0,188.83,34.18,0.0,0.0,0.0,0.0,0.0
0,355,1,415,0,0,0,0.0,0.0,0.0,0.0,0.037,0.0,0.0,0.0,0.0,0.0,0.0,0.0,243.32,3.26,0.0,0.0,0.0,0.0,0.0,0.0,0.0,227.554,3.12,0.0,0.0,0.0,0.0,0.0
0,356,1,415,0,0,0,0.0,0.0,0.0,0.0,0.037,0.0,0.0,0.0,0.0,0.0,0.0,0.0,987.8,8.45,0.0,0.0,0.0,0.0,0.0,0.0,0.0,877.37,11.84,0.0,0.0,0.0,0.0,0.0
0,357,1,415,0,0,0,0.0,0.0,0.0,0.0,0.037,0.0,0.0,0.0,0.0,0.0,0.0,0.0,845.63,19.27,0.0,0.0,0.0,0.0,0.0,0.0,0.0,582.82,18.46,0.0,0.0,0.0,0.0,0.0
0,358,1,415,0,0,0,0.0,0.0,0.0,0.0,0.037,0.0,0.0,0.0,0.0,0.0,0.0,0.0,1003.0,16.46,0.0,0.0,0.0,0.0,0.0,0.0,0.0,693.093,15.77,0.0,0.0,0.0,0.0,0.0
0,359,1,415,0,0,0,0.0,0.0,0.0,0.0,0.037,0.0,0.0,0.0,0.0,0.0,0.0,0.0,1064.15,10.79,0.0,0.0,0.0,0.0,0.0,0.0,0.0,697.39,15.77,0.0,0.0,0.0,0.0,0.0
0,360,1,415,0,0,0,0.0,0.0,0.0,0.0,0.037,0.0,0.0,0.0,0.0,0.0,0.0,0.0,808.57,20.52,0.0,0.0,0.0,0.0,0.0,0.0,0.0,480.23874,19.66,0.0,0.0,0.0,0.0,0.0
0,361,1,415,0,0,0,0.0,0.0,0.0,0.0,0.037,0.0,0.0,0.0,0.0,0.0,0.0,0.0,1005.57,5.04,0.0,0.0,0.0,0.0,0.0,0.0,0.0,485.64783,19.66,0.0,0.0,0.0,0.0,0.0
0,362,1,415,0,0,0,0.0,0.0,0.0,0.0,0.037,0.0,0.0,0.0,0.0,0.0,0.0,0.0,1226.6069,10.04,0.0,0.0,0.0,0.0,0.0,0.0,0.0,323.68936,31.63,0.0,0.0,0.0,0.0,0.0
0,363,1,415,0,0,0,0.0,0.0,0.0,0.0,0.037,0.0,0.0,0.0,0.0,0.0,0.0,0.0,554.2987,3.29,0.0,0.0,0.0,0.0,0.0,0.0,0.0,299.40976,33.69,0.0,0.0,0.0,0.0,0.0
0,364,1,415,0,0,0,0.0,0.0,0.0,0.0,0.037,0.0,0.0,0.0,0.0,0.0,0.0,0.0,810.2,3.9,0.0,0.0,0.0,0.0,0.0,0.0,0.0,193.25787,1.0,0.0,0.0,0.0,0.0,0.0
0,365,1,415,0,0,0,0.0,0.0,0.0,0.0,0.037,0.0,0.0,0.0,0.0,0.0,0.0,0.0,1012.18994,19.27,0.0,0.0,0.0,0.0,0.0,0.0,0.0,555.87054,18.46,0.0,0.0,0.0,0.0,0.0
0,366,1,415,0,0,0,0.0,0.0,0.0,0.0,0.037,0.0,0.0,0.0,0.0,0.0,0.0,0.0,1032.1001,19.27,0.0,0.0,0.0,0.0,0.0,0.0,0.0,589.0,18.46,0.0,0.0,0.0,0.0,0.0
0,367,1,415,0,0,0,0.0,0.0,0.0,0.0,0.037,0.0,0.0,0.0,0.0,0.0,0.0,0.0,1009.07495,19.27,0.0,0.0,0.0,0.0,0.0,0.0,0.0,651.11,18.46,0.0,0.0,0.0,0.0,0.0
0,368,1,415,0,0,0,0.0,0.0,0.0,0.0,0.037,0.0,0.0,0.0,0.0,0.0,0.0,0.0,1154.9401,6.39,0.0,0.0,0.0,0.0,0.0,0.0,0.0,687.485,18.46,0.0,0.0,0.0,0.0,0.0
0,369,1,415,0,0,0,0.0,0.0,0.0,0.0,0.037,0.0,0.0,0.0,0.0,0.0,0.0,0.0,953.24,12.36,0.0,0.0,0.0,0.0,0.0,0.0,0.0,849.04,11.84,0.0,0.0,0.0,0.0,0.0
0,370,1,415,0,0,0,0.0,0.0,0.0,0.0,0.037,0.0,0.0,0.0,0.0,0.0,0.0,0.0,981.67,10.15,0.0,0.0,0.0,0.0,0.0,0.0,0.0,940.07935,9.72,0.0,0.0,0.0,0.0,0.0
0,371,1,415,0,0,0,0.0,0.0,0.0,0.0,0.037,0.0,0.0,0.0,0.0,0.0,0.0,0.0,999.925,10.15,0.0,0.0,0.0,0.0,0.0,0.0,0.0,963.5,9.72,0.0,0.0,0.0,0.0,0.0
0,372,1,415,0,0,0,0.0,0.0,0.0,0.0,0.037,0.0,0.0,0.0,0.0,0.0,0.0,0.0,1017.67,10.15,0.0,0.0,0.0,0.0,0.0,0.0,0.0,973.35876,9.72,0.0,0.0,0.0,0.0,0.0
0,373,1,415,0,0,0,0.0,0.0,0.0,0.0,0.037,0.0,0.0,0.0,0.0,0.0,0.0,0.0,1440.01,8.45,0.0,0.0,0.0,0.0,0.0,0.0,0.0,326.60165,29.4,0.0,0.0,0.0,0.0,0.0
0,374,1,415,0,0,0,0.0,0.0,0.0,0.0,0.037,0.0,0.0,0.0,0.0,0.0,0.0,0.0,930.44,9.76,0.0,0.0,0.0,0.0,0.0,0.0,0.0,374.02713,27.39,0.0,0.0,0.0,0.0,0.0
0,375,1,415,0,0,0,0.0,0.0,0.0,0.0,0.037,0.0,0.0,0.0,0.0,0.0,0.0,0.0,615.06,20.52,0.0,0.0,0.0,0.0,0.0,0.0,0.0,411.77698,19.66,0.0,0.0,0.0,0.0,0.0
0,376,1,415,0,0,0,0.0,0.0,0.0,0.0,0.037,0.0,0.0,0.0,0.0,0.0,0.0,0.0,641.61,20.52,0.0,0.0,0.0,0.0,0.0,0.0,0.0,473.87158,19.66,0.0,0.0,0.0,0.0,0.0
0,377,1,415,0,0,0,0.0,0.0,0.0,0.0,0.037,0.0,0.0,0.0,0.0,0.0,0.0,0.0,922.87,19.27,0.0,0.0,0.0,0.0,0.0,0.0,0.0,504.36,18.46,0.0,0.0,0.0,0.0,0.0
0,378,1,415,0,0,0,0.0,0.0,0.0,0.0,0.037,0.0,0.0,0.0,0.0,0.0,0.0,0.0,762.97,19.27,0.0,0.0,0.0,0.0,0.0,0.0,0.0,526.74,18.46,0.0,0.0,0.0,0.0,0.0
0,379,1,415,0,0,0,0.0,0.0,0.0,0.0,0.037,0.0,0.0,0.0,0.0,0.0,0.0,0.0,788.6187,10.09,0.0,0.0,0.0,0.0,0.0,0.0,0.0,309.20248,15.05,0.0,0.0,0.0,0.0,0.0
0,380,1,415,0,0,0,0.0,0.0,0.0,0.0,0.037,0.0,0.0,0.0,0.0,0.0,0.0,0.0,432.53998,2.24,0.0,0.0,0.0,0.0,0.0,0.0,0.0,280.31998,34.06,0.0,0.0,0.0,0.0,0.0
0,381,1,415,0,0,0,0.0,0.0,0.0,0.0,0.037,0.0,0.0,0.0,0.0,0.0,0.0,0.0,434.66998,3.56,0.0,0.0,0.0,0.0,0.0,0.0,0.0,287.56622,34.06,0.0,0.0,0.0,0.0,0.0
0,382,1,415,0,0,0,0.0,0.0,0.0,0.0,0.037,0.0,0.0,0.0,0.0,0.0,0.0,0.0,304.77896,4.3,0.0,0.0,0.0,0.0,0.0,0.0,0.0,293.4003,33.99,0.0,0.0,0.0,0.0,0.0
0,383,1,417,0,0,0,0.0,0.0,0.0,0.0,0.037,0.0,0.0,0.0,0.0,0.0,0.0,0.0,200.16385,1.0,0.0,0.0,0.0,0.0,0.0,0.0,0.0,195.46515,1.0,0.0,0.0,0.0,0.0,0.0
0,384,1,417,0,0,0,0.0,0.0,0.0,0.0,0.037,0.0,0.0,0.0,0.0,0.0,0.0,0.0,200.14314,24.23,0.0,0.0,0.0,0.0,0.0,0.0,0.0,193.85582,1.0,0.0,0.0,0.0,0.0,0.0
0,385,1,417,0,0,0,0.0,0.0,0.0,0.0,0.037,0.0,0.0,0.0,0.0,0.0,0.0,0.0,520.74,2.09,0.0,0.0,0.0,0.0,0.0,0.0,0.0,322.8625,7.76,0.0,0.0,0.0,0.0,0.0
0,386,1,417,0,0,0,0.0,0.0,0.0,0.0,0.037,0.0,0.0,0.0,0.0,0.0,0.0,0.0,743.75,2.52,0.0,0.0,0.0,0.0,0.0,0.0,0.0,433.5,2.41,0.0,0.0,0.0,0.0,0.0
0,387,1,417,0,0,0,0.0,0.0,0.0,0.0,0.037,0.0,0.0,0.0,0.0,0.0,0.0,0.0,218.25,1.0,0.0,0.0,0.0,0.0,0.0,0.0,0.0,193.00246,0.0,0.0,0.0,0.0,0.0,0.0
0,388,1,417,0,0,0,0.0,0.0,0.0,0.0,0.037,0.0,0.0,0.0,0.0,0.0,0.0,0.0,224.33727,15.44,0.0,0.0,0.0,0.0,0.0,0.0,0.0,218.46933,14.79,0.0,0.0,0.0,0.0,0.0
0,389,1,417,0,0,0,0.0,0.0,0.0,0.0,0.037,0.0,0.0,0.0,0.0,0.0,0.0,0.0,423.21,13.49,0.0,0.0,0.0,0.0,0.0,0.0,0.0,239.09833,12.93,0.0,0.0,0.0,0.0,0.0
0,390,1,417,0,0,0,0.0,0.0,0.0,0.0,0.037,0.0,0.0,0.0,0.0,0.0,0.0,0.0,425.03998,3.59,0.0,0.0,0.0,0.0,0.0,0.0,0.0,267.82,3.44,0.0,0.0,0.0,0.0,0.0
0,391,1,417,0,0,0,0.0,0.0,0.0,0.0,0.037,0.0,0.0,0.0,0.0,0.0,0.0,0.0,958.49,4.28,0.0,0.0,0.0,0.0,0.0,0.0,0.0,632.07,4.1,0.0,0.0,0.0,0.0,0.0
0,392,1,417,0,0,0,0.0,0.0,0.0,0.0,0.037,0.0,0.0,0.0,0.0,0.0,0.0,0.0,213.80083,15.44,0.0,0.0,0.0,0.0,0.0,0.0,0.0,206.57535,14.79,0.0,0.0,0.0,0.0,0.0
0,393,1,417,0,0,0,0.0,0.0,0.0,0.0,0.037,0.0,0.0,0.0,0.0,0.0,0.0,0.0,249.13,13.49,0.0,0.0,0.0,0.0,0.0,0.0,0.0,244.802,12.93,0.0,0.0,0.0,0.0,0.0
0,394,1,417,0,0,0,0.0,0.0,0.0,0.0,0.037,0.0,0.0,0.0,0.0,0.0,0.0,0.0,484.90997,8.1,0.0,0.0,0.0,0.0,0.0,0.0,0.0,349.775,7.76,0.0,0.0,0.0,0.0,0.0
0,395,1,417,0,0,0,0.0,0.0,0.0,0.0,0.037,0.0,0.0,0.0,0.0,0.0,0.0,0.0,640.45996,8.1,0.0,0.0,0.0,0.0,0.0,0.0,0.0,396.82874,7.76,0.0,0.0,0.0,0.0,0.0
0,396,1,417,0,0,0,0.0,0.0,0.0,0.0,0.037,0.0,0.0,0.0,0.0,0.0,0.0,0.0,706.93,6.2,0.0,0.0,0.0,0.0,0.0,0.0,0.0,257.98,11.17,0.0,0.0,0.0,0.0,0.0
0,397,1,417,0,0,0,0.0,0.0,0.0,0.0,0.037,0.0,0.0,0.0,0.0,0.0,0.0,0.0,676.91,5.73,0.0,0.0,0.0,0.0,0.0,0.0,0.0,541.6362,5.49,0.0,0.0,0.0,0.0,0.0
0,398,1,417,0,0,0,0.0,0.0,0.0,0.0,0.037,0.0,0.0,0.0,0.0,0.0,0.0,0.0,710.14996,2.24,0.0,0.0,0.0,0.0,0.0,0.0,0.0,447.13666,6.71,0.0,0.0,0.0,0.0,0.0
0,399,1,417,0,0,0,0.0,0.0,0.0,0.0,0.037,0.0,0.0,0.0,0.0,0.0,0.0,0.0,803.56,3.99,0.0,0.0,0.0,0.0,0.0,0.0,0.0,544.4,3.82,0.0,0.0,0.0,0.0,0.0
0,400,1,417,0,0,0,0.0,0.0,0.0,0.0,0.037,0.0,0.0,0.0,0.0,0.0,0.0,0.0,919.58997,4.28,0.0,0.0,0.0,0.0,0.0,0.0,0.0,701.975,4.1,0.0,0.0,0.0,0.0,0.0
0,401,1,417,0,0,0,0.0,0.0,0.0,0.0,0.037,0.0,0.0,0.0,0.0,0.0,0.0,0.0,1015.77997,4.28,0.0,0.0,0.0,0.0,0.0,0.0,0.0,768.76996,4.1,0.0,0.0,0.0,0.0,0.0
0,402,1,417,0,0,0,0.0,0.0,0.0,0.0,0.037,0.0,0.0,0.0,0.0,0.0,0.0,0.0,709.57,3.75,0.0,0.0,0.0,0.0,0.0,0.0,0.0,278.48608,8.16,0.0,0.0,0.0,0.0,0.0
0,403,1,417,0,0,0,0.0,0.0,0.0,0.0,0.037,0.0,0.0,0.0,0.0,0.0,0.0,0.0,808.57,3.81,0.0,0.0,0.0,0.0,0.0,0.0,0.0,501.0,5.49,0.0,0.0,0.0,0.0,0.0
0,404,1,417,0,0,0,0.0,0.0,0.0,0.0,0.037,0.0,0.0,0.0,0.0,0.0,0.0,0.0,1147.55,9.85,0.0,0.0,0.0,0.0,0.0,0.0,0.0,204.04,23.21,0.0,0.0,0.0,0.0,0.0
0,405,1,417,0,0,0,0.0,0.0,0.0,0.0,0.037,0.0,0.0,0.0,0.0,0.0,0.0,0.0,562.62,3.4,0.0,0.0,0.0,0.0,0.0,0.0,0.0,231.04932,13.07,0.0,0.0,0.0,0.0,0.0
0,406,1,417,0,0,0,0.0,0.0,0.0,0.0,0.037,0.0,0.0,0.0,0.0,0.0,0.0,0.0,636.27997,4.22,0.0,0.0,0.0,0.0,0.0,0.0,0.0,232.60353,4.04,0.0,0.0,0.0,0.0,0.0
0,407,1,417,0,0,0,0.0,0.0,0.0,0.0,0.037,0.0,0.0,0.0,0.0,0.0,0.0,0.0,219.08656,8.45,0.0,0.0,0.0,0.0,0.0,0.0,0.0,197.02,1.0,0.0,0.0,0.0,0.0,0.0
0,408,1,419,0,0,0,0.0,0.0,0.0,0.0,0.037,0.0,0.0,0.0,0.0,0.0,0.0,0.0,214.87813,11.08,0.0,0.0,0.0,0.0,0.0,0.0,0.0,201.9675,12.29,0.0,0.0,0.0,0.0,0.0
0,409,1,419,0,0,0,0.0,0.0,0.0,0.0,0.037,0.0,0.0,0.0,0.0,0.0,0.0,0.0,292.2375,35.48,0.0,0.0,0.0,0.0,0.0,0.0,0.0,215.17,10.62,0.0,0.0,0.0,0.0,0.0
0,410,1,419,0,0,0,0.0,0.0,0.0,0.0,0.037,0.0,0.0,0.0,0.0,0.0,0.0,0.0,198.85625,13.98,0.0,0.0,0.0,0.0,0.0,0.0,0.0,194.98001,13.4,0.0,0.0,0.0,0.0,0.0
0,411,1,419,0,0,0,0.0,0.0,0.0,0.0,0.037,0.0,0.0,0.0,0.0,0.0,0.0,0.0,201.202,5.04,0.0,0.0,0.0,0.0,0.0,0.0,0.0,201.17,4.83,0.0,0.0,0.0,0.0,0.0
0,412,1,419,0,0,0,0.0,0.0,0.0,0.0,0.037,0.0,0.0,0.0,0.0,0.0,0.0,0.0,229.47343,7.12,0.0,0.0,0.0,0.0,0.0,0.0,0.0,208.16,10.62,0.0,0.0,0.0,0.0,0.0
0,413,1,419,0,0,0,0.0,0.0,0.0,0.0,0.037,0.0,0.0,0.0,0.0,0.0,0.0,0.0,694.83997,8.17,0.0,0.0,0.0,0.0,0.0,0.0,0.0,292.975,7.82,0.0,0.0,0.0,0.0,0.0
0,414,1,420,0,0,0,0.0,0.0,0.0,0.0,0.037,0.0,0.0,0.0,0.0,0.0,0.0,0.0,198.93001,1.0,0.0,0.0,0.0,0.0,0.0,0.0,0.0,193.31282,1.0,0.0,0.0,0.0,0.0,0.0
0,415,1,0,0,0,0,0.0,0.0,0.0,0.0,0.037,0.0,0.0,0.0,0.0,0.0,0.0,0.0,1024.3601,10.15,0.0,0.0,0.0,0.0,0.0,0.0,0.0,188.83,0.0,0.0,0.0,0.0,0.0,0.0
0,416,1,0,0,0,0,0.0,0.0,0.0,0.0,0.037,0.0,0.0,0.0,0.0,0.0,0.0,0.0,215.67,1.0,0.0,0.0,0.0,0.0,0.0,0.0,0.0,188.85416,0.0,0.0,0.0,0.0,0.0,0.0
0,417,1,0,0,0,0,0.0,0.0,0.0,0.0,0.037,0.0,0.0,0.0,0.0,0.0,0.0,0.0,1082.4801,4.28,0.0,0.0,0.0,0.0,0.0,0.0,0.0,193.49965,0.0,0.0,0.0,0.0,0.0,0.0
0,418,1,0,0,0,0,0.0,0.0,0.0,0.0,0.037,0.0,0.0,0.0,0.0,0.0,0.0,0.0,426.53998,2.77,0.0,0.0,0.0,0.0,0.0,0.0,0.0,304.5025,2.65,0.0,0.0,0.0,0.0,0.0
0,419,1,0,0,0,0,0.0,0.0,0.0,0.0,0.037,0.0,0.0,0.0,0.0,0.0,0.0,0.0,592.13,8.17,0.0,0.0,0.0,0.0,0.0,0.0,0.0,194.87,13.63,0.0,0.0,0.0,0.0,0.0
0,420,1,0,0,0,0,0.0,0.0,0.0,0.0,0.037,0.0,0.0,0.0,0.0,0.0,0.0,0.0,197.92375,1.0,0.0,0.0,0.0,0.0,0.0,0.0,0.0,189.43364,0.0,0.0,0.0,0.0,0.0,0.0
