;[m3/s]
;Q
2013-01-01;12.0
2013-01-02;12.554166666666667
2013-01-03;11.7875
2013-01-04;9.85
2013-01-05;8.75
2013-01-06;8.15
2013-01-07;7.329166666666667
2013-01-08;6.8125
2013-01-09;6.0375000000000005
2013-01-10;5.670833333333333
2013-01-11;5.720833333333334
2013-01-12;5.3999999999999995
2013-01-13;5.008333333333334
2013-01-14;4.6875
2013-01-15;4.545833333333333
2013-01-16;4.545833333333333
2013-01-17;4.091666666666666
2013-01-18;3.908333333333333
2013-01-19;3.891666666666666
2013-01-20;3.7000000000000006
2013-01-21;3.9
2013-01-22;3.7583333333333333
2013-01-23;3.5749999999999997
2013-01-24;3.25
2013-01-25;3.1
2013-01-26;3.0
2013-01-27;2.808333333333333
2013-01-28;2.920833333333333
2013-01-29;3.266666666666667
2013-01-30;6.441666666666666
2013-01-31;12.083333333333334
2013-02-01;13.274999999999999
2013-02-02;15.504166666666668
2013-02-03;47.46791666666667
2013-02-04;27.755
2013-02-05;20.1475
2013-02-06;22.44
2013-02-07;20.092083333333335
2013-02-08;14.600416666666666
2013-02-09;12.290416666666667
2013-02-10;10.257083333333334
2013-02-11;8.730416666666667
2013-02-12;7.875
2013-02-13;7.014583333333333
2013-02-14;6.005
2013-02-15;5.747916666666666
2013-02-16;5.697500000000001
2013-02-17;5.29375
2013-02-18;5.104166666666667
2013-02-19;4.86
2013-02-20;4.630833333333333
2013-02-21;4.383333333333333
2013-02-22;4.1725
2013-02-23;3.9341666666666666
2013-02-24;3.796666666666667
2013-02-25;3.6225
2013-02-26;3.3533333333333335
2013-02-27;3.192083333333333
2013-02-28;3.2108333333333334
2013-03-01;3.09125
2013-03-02;3.091666666666667
2013-03-03;3.0825
2013-03-04;3.091666666666667
2013-03-05;3.2083333333333335
2013-03-06;3.4508333333333336
2013-03-07;4.16375
2013-03-08;5.884166666666666
2013-03-09;8.39
2013-03-10;12.664166666666667
2013-03-11;14.475416666666668
2013-03-12;14.67375
2013-03-13;12.6025
2013-03-14;10.82
2013-03-15;9.002083333333333
2013-03-16;7.565
2013-03-17;6.369166666666666
2013-03-18;5.973333333333333
2013-03-19;6.608333333333333
2013-03-20;5.9725
2013-03-21;5.5129166666666665
2013-03-22;5.076666666666667
2013-03-23;4.841666666666667
2013-03-24;4.75
2013-03-25;4.456666666666666
2013-03-26;4.31
2013-03-27;4.0441666666666665
2013-03-28;3.8058333333333336
2013-03-29;3.8791666666666664
2013-03-30;3.714166666666667
2013-03-31;3.6041666666666665
2013-04-01;3.4591666666666665
2013-04-02;3.22
2013-04-03;3.1925000000000003
2013-04-04;3.0366666666666666
2013-04-05;2.975
2013-04-06;3.0275
2013-04-07;2.9299999999999997
2013-04-08;2.7816666666666667
2013-04-09;2.8520833333333333
2013-04-10;3.519166666666667
2013-04-11;7.603750000000001
2013-04-12;14.21
2013-04-13;32.905833333333334
2013-04-14;19.638333333333332
2013-04-15;14.564583333333333
2013-04-16;12.893749999999999
2013-04-17;11.799999999999999
2013-04-18;10.66125
2013-04-19;9.7875
2013-04-20;8.889999999999999
2013-04-21;8.08375
2013-04-22;6.528333333333333
2013-04-23;5.700833333333333
2013-04-24;5.07625
2013-04-25;4.7316666666666665
2013-04-26;4.53
2013-04-27;4.805000000000001
2013-04-28;6.96875
2013-04-29;6.872083333333333
2013-04-30;5.67625
2013-05-01;5.380416666666666
2013-05-02;5.044583333333333
2013-05-03;6.224166666666666
2013-05-04;5.8975
2013-05-05;5.422083333333333
2013-05-06;4.925416666666666
2013-05-07;4.73375
2013-05-08;4.612916666666666
2013-05-09;4.126666666666666
2013-05-10;3.9250000000000003
2013-05-11;7.110416666666667
2013-05-12;4.9383333333333335
2013-05-13;5.550416666666667
2013-05-14;4.9262500000000005
2013-05-15;4.4475
2013-05-16;4.364999999999999
2013-05-17;4.135833333333333
2013-05-18;4.89625
2013-05-19;4.09
2013-05-20;3.8058333333333336
2013-05-21;3.6683333333333334
2013-05-22;5.560833333333334
2013-05-23;10.28625
2013-05-24;10.22375
2013-05-25;10.708333333333334
2013-05-26;9.3075
2013-05-27;8.779583333333333
2013-05-28;8.75125
2013-05-29;7.215833333333333
2013-05-30;10.097083333333332
2013-05-31;8.237916666666667
2013-06-01;19.877916666666668
2013-06-02;60.48166666666666
2013-06-03;44.42791666666667
2013-06-04;22.957916666666666
2013-06-05;15.037916666666666
2013-06-06;11.737916666666665
2013-06-07;9.565833333333334
2013-06-08;9.348333333333334
2013-06-09;8.382083333333332
2013-06-10;7.456666666666667
2013-06-11;8.099583333333333
2013-06-12;7.774166666666667
2013-06-13;6.02
2013-06-14;5.350833333333334
2013-06-15;5.792916666666667
2013-06-16;4.8237499999999995
2013-06-17;4.319166666666667
2013-06-18;3.9616666666666664
2013-06-19;3.5766666666666667
2013-06-20;3.1833333333333336
2013-06-21;3.0
2013-06-22;2.9608333333333334
2013-06-23;2.6733333333333333
2013-06-24;2.55125
2013-06-25;2.8245833333333334
2013-06-26;2.875
2013-06-27;2.4170833333333333
2013-06-28;2.2875
2013-06-29;2.388333333333333
2013-06-30;5.4870833333333335
2013-07-01;3.672916666666667
2013-07-02;2.6766666666666663
2013-07-03;2.34
2013-07-04;3.4916666666666667
2013-07-05;3.5700000000000003
2013-07-06;2.830416666666667
2013-07-07;2.419583333333333
2013-07-08;2.192083333333333
2013-07-09;2.078333333333333
2013-07-10;2.0312499999999996
2013-07-11;1.9437499999999999
2013-07-12;1.90625
2013-07-13;1.83
2013-07-14;1.76
2013-07-15;1.76
2013-07-16;1.6900000000000002
2013-07-17;1.62
2013-07-18;1.62
2013-07-19;1.62
2013-07-20;1.6258333333333335
2013-07-21;1.6050000000000002
2013-07-22;1.5
2013-07-23;1.195
2013-07-24;0.9466666666666667
2013-07-25;0.9666666666666667
2013-07-26;0.9533333333333333
2013-07-27;0.8766666666666666
2013-07-28;0.8275
2013-07-29;1.3454166666666667
2013-07-30;17.035
2013-07-31;7.295416666666667
2013-08-01;3.62125
2013-08-02;2.6037500000000002
2013-08-03;2.0500000000000003
2013-08-04;1.7658333333333334
2013-08-05;1.8308333333333333
2013-08-06;1.545
2013-08-07;1.3570833333333334
2013-08-08;1.5495833333333333
2013-08-09;1.6187500000000001
2013-08-10;1.3958333333333333
2013-08-11;1.2408333333333335
2013-08-12;1.145
2013-08-13;1.0670833333333334
2013-08-14;1.1383333333333334
2013-08-15;1.0025
2013-08-16;0.9566666666666667
2013-08-17;0.8866666666666667
2013-08-18;0.8379166666666666
2013-08-19;0.785
2013-08-20;1.4383333333333332
2013-08-21;1.1391666666666667
2013-08-22;0.8933333333333334
2013-08-23;0.84
2013-08-24;0.8054166666666666
2013-08-25;1.1199999999999999
2013-08-26;1.0920833333333333
2013-08-27;0.9500000000000001
2013-08-28;1.1175
2013-08-29;1.585
2013-08-30;1.1583333333333334
2013-08-31;0.9466666666666667
2013-09-01;0.86
2013-09-02;0.8112499999999999
2013-09-03;0.7704166666666666
2013-09-04;0.7266666666666667
2013-09-05;0.6829166666666667
2013-09-06;0.65375
2013-09-07;0.61
2013-09-08;0.6691666666666666
2013-09-09;2.0025
2013-09-10;2.0829166666666667
2013-09-11;3.9579166666666663
2013-09-12;2.4345833333333333
2013-09-13;9.619583333333333
2013-09-14;5.244583333333334
2013-09-15;3.86125
2013-09-16;4.1674999999999995
2013-09-17;6.886666666666667
2013-09-18;9.730833333333333
2013-09-19;17.797083333333333
2013-09-20;20.592916666666664
2013-09-21;13.03875
2013-09-22;8.7175
2013-09-23;6.315833333333333
2013-09-24;4.904166666666667
2013-09-25;4.047916666666667
2013-09-26;3.440416666666667
2013-09-27;3.627083333333333
2013-09-28;3.2016666666666667
2013-09-29;2.6733333333333333
2013-09-30;2.43375
2013-10-01;2.214166666666667
2013-10-02;2.0933333333333333
2013-10-03;1.9024999999999999
2013-10-04;1.7308333333333332
2013-10-05;1.6050000000000002
2013-10-06;4.1433333333333335
2013-10-07;8.09625
2013-10-08;4.620833333333334
2013-10-09;3.7320833333333336
2013-10-10;3.5362500000000003
2013-10-11;12.85125
2013-10-12;11.220833333333333
2013-10-13;8.764583333333333
2013-10-14;7.2316666666666665
2013-10-15;7.317083333333333
2013-10-16;11.106250000000001
2013-10-17;25.27625
2013-10-18;17.389583333333334
2013-10-19;12.43
2013-10-20;9.498333333333333
2013-10-21;9.217083333333333
2013-10-22;7.29375
2013-10-23;6.079166666666667
2013-10-24;5.867916666666666
2013-10-25;5.017083333333333
2013-10-26;4.315
2013-10-27;3.9316666666666666
2013-10-28;5.138333333333333
2013-10-29;4.727083333333334
2013-10-30;8.512916666666667
2013-10-31;5.800416666666667
2013-11-01;5.074583333333333
2013-11-02;4.5625
2013-11-03;4.923333333333333
2013-11-04;15.11125
2013-11-05;13.660416666666668
2013-11-06;16.79125
2013-11-07;15.21375
2013-11-08;12.76375
2013-11-09;11.644166666666665
2013-11-10;13.696666666666667
2013-11-11;19.829166666666666
2013-11-12;21.3325
2013-11-13;16.91
2013-11-14;13.886666666666668
2013-11-15;11.5075
2013-11-16;9.5975
2013-11-17;9.274166666666666
2013-11-18;7.90125
2013-11-19;6.792916666666667
2013-11-20;6.689583333333334
2013-11-21;6.60875
2013-11-22;6.1937500000000005
2013-11-23;6.074583333333333
2013-11-24;5.7075
2013-11-25;5.94
2013-11-26;5.6825
2013-11-27;5.3275
2013-11-28;4.9070833333333335
2013-11-29;4.63
2013-11-30;4.405
2013-12-01;4.554166666666666
2013-12-02;4.013333333333333
2013-12-03;3.73375
2013-12-04;3.497916666666667
2013-12-05;3.31625
2013-12-06;3.1374999999999997
2013-12-07;3.2983333333333333
2013-12-08;2.984166666666667
2013-12-09;2.8425
2013-12-10;2.69875
2013-12-11;2.59
2013-12-12;2.5745833333333334
2013-12-13;2.6154166666666665
2013-12-14;2.4949999999999997
2013-12-15;2.6533333333333333
2013-12-16;2.4316666666666666
2013-12-17;2.385
2013-12-18;2.295
2013-12-19;2.235
2013-12-20;2.9187499999999997
2013-12-21;4.010416666666667
2013-12-22;3.3158333333333334
2013-12-23;3.6845833333333338
2013-12-24;5.182916666666666
2013-12-25;4.2525
2013-12-26;10.850833333333334
2013-12-27;16.43375
2013-12-28;15.881666666666666
2013-12-29;15.820416666666667
2013-12-30;16.148333333333333
2013-12-31;13.112083333333333
2014-01-01;10.516666666666667
2014-01-02;8.876666666666667
2014-01-03;11.511666666666668
2014-01-04;10.475833333333332
2014-01-05;11.212083333333332
2014-01-06;11.529166666666667
2014-01-07;9.863291666666667
2014-01-08;8.8725
2014-01-09;7.964583333333334
2014-01-10;7.202083333333333
2014-01-11;9.43
2014-01-12;7.429583333333333
2014-01-13;6.77875
2014-01-14;6.329999999999999
2014-01-15;6.234999999999999
2014-01-16;5.6187499999999995
2014-01-17;6.54625
2014-01-18;7.75125
2014-01-19;6.4125000000000005
2014-01-20;6.033333333333334
2014-01-21;5.55375
2014-01-22;5.379166666666666
2014-01-23;4.836666666666667
2014-01-24;4.49625
2014-01-25;5.1450000000000005
2014-01-26;4.27
2014-01-27;4.23625
2014-01-28;4.913749999999999
2014-01-29;4.30375
2014-01-30;3.9820833333333336
2014-01-31;3.7633333333333336
2014-02-01;3.5362500000000003
2014-02-02;3.4691666666666667
2014-02-03;3.565
2014-02-04;3.2295833333333337
2014-02-05;3.1012500000000003
2014-02-06;3.018333333333333
2014-02-07;3.0
2014-02-08;4.592083333333333
2014-02-09;4.3620833333333335
2014-02-10;4.319999999999999
2014-02-11;3.9629166666666666
2014-02-12;3.89
2014-02-13;3.5362500000000003
2014-02-14;6.51875
2014-02-15;6.654583333333334
2014-02-16;7.801666666666667
2014-02-17;9.860833333333334
2014-02-18;8.547083333333333
2014-02-19;7.255416666666666
2014-02-20;6.41375
2014-02-21;5.902916666666666
2014-02-22;7.010416666666667
2014-02-23;6.03625
2014-02-24;5.517083333333333
2014-02-25;5.04875
2014-02-26;4.63
2014-02-27;4.654166666666667
2014-02-28;5.29875
2014-03-01;5.307083333333334
2014-03-02;5.050833333333333
2014-03-03;4.6075
2014-03-04;4.52875
2014-03-05;4.2924999999999995
2014-03-06;3.9508333333333336
2014-03-07;3.6033333333333335
2014-03-08;3.4787500000000002
2014-03-09;3.2295833333333337
2014-03-10;3.1374999999999997
2014-03-11;3.055
2014-03-12;2.9562500000000003
2014-03-13;2.8074999999999997
2014-03-14;2.765
2014-03-15;2.7566666666666664
2014-03-16;2.723333333333333
2014-03-17;2.715
2014-03-18;2.6741666666666664
2014-03-19;2.5825
2014-03-20;2.47125
2014-03-21;2.4
2014-03-22;2.3249999999999997
2014-03-23;3.5475
2014-03-24;3.1758333333333333
2014-03-25;2.8516666666666666
2014-03-26;2.567083333333333
2014-03-27;2.2954166666666667
2014-03-28;2.1925000000000003
2014-03-29;2.0516666666666663
2014-03-30;1.9624999999999997
2014-03-31;1.8533333333333333
2014-04-01;1.7658333333333334
2014-04-02;1.76
2014-04-03;1.76
2014-04-04;1.76
2014-04-05;1.76
2014-04-06;1.7133333333333336
2014-04-07;1.6841666666666668
2014-04-08;1.62
2014-04-09;2.2204166666666665
2014-04-10;1.9266666666666667
2014-04-11;1.455
2014-04-12;1.38
2014-04-13;1.3295833333333333
2014-04-14;1.3066666666666666
2014-04-15;1.2670833333333333
2014-04-16;1.2366666666666666
2014-04-17;1.17
2014-04-18;1.1616666666666666
2014-04-19;1.1866666666666668
2014-04-20;1.1824999999999999
2014-04-21;1.145
2014-04-22;1.1575
2014-04-23;1.1158333333333335
2014-04-24;1.1375
2014-04-25;1.0908333333333333
2014-04-26;1.3925
2014-04-27;2.890416666666667
2014-04-28;7.761666666666667
2014-04-29;3.44375
2014-04-30;3.5050000000000003
2014-05-01;4.250416666666667
2014-05-02;4.245
2014-05-03;4.620416666666666
2014-05-04;5.87625
2014-05-05;4.587916666666667
2014-05-06;3.7587500000000005
2014-05-07;3.1954166666666666
2014-05-08;4.797916666666667
2014-05-09;4.25125
2014-05-10;6.702500000000001
2014-05-11;6.5562499999999995
2014-05-12;6.574583333333333
2014-05-13;6.569166666666667
2014-05-14;7.408333333333334
2014-05-15;9.934166666666666
2014-05-16;8.215416666666668
2014-05-17;6.869583333333334
2014-05-18;5.724583333333334
2014-05-19;4.748333333333333
2014-05-20;4.15375
2014-05-21;3.49
2014-05-22;2.9941666666666666
2014-05-23;2.6908333333333334
2014-05-24;3.0050000000000003
2014-05-25;2.8954166666666663
2014-05-26;2.259583333333333
2014-05-27;2.120833333333333
2014-05-28;2.732083333333333
2014-05-29;2.19375
2014-05-30;1.9874999999999998
2014-05-31;1.8483333333333334
2014-06-01;1.7075000000000002
2014-06-02;1.57
2014-06-03;1.6391666666666669
2014-06-04;1.5825000000000002
2014-06-05;1.615
2014-06-06;1.51375
2014-06-07;1.3283333333333334
2014-06-08;1.2116666666666667
2014-06-09;1.1129166666666668
2014-06-10;1.0333333333333334
2014-06-11;0.9979166666666667
2014-06-12;0.91
2014-06-13;0.9
2014-06-14;0.8804166666666666
2014-06-15;0.8333333333333334
2014-06-16;0.8216666666666667
2014-06-17;0.7879166666666667
2014-06-18;0.8291666666666666
2014-06-19;0.8029166666666666
2014-06-20;0.7383333333333333
2014-06-21;0.7091666666666666
2014-06-22;0.6916666666666668
2014-06-23;0.6595833333333333
2014-06-24;0.63375
2014-06-25;1.01
2014-06-26;0.7120833333333333
2014-06-27;0.6391666666666667
2014-06-28;0.6024999999999999
2014-06-29;0.6975000000000001
2014-06-30;1.3504166666666666
2014-07-01;1.6345833333333333
2014-07-02;0.8904166666666667
2014-07-03;0.7558333333333334
2014-07-04;0.68
2014-07-05;0.6304166666666666
2014-07-06;2.57
2014-07-07;1.1104166666666666
2014-07-08;1.7616666666666667
2014-07-09;4.120833333333334
2014-07-10;4.955
2014-07-11;5.4437500000000005
2014-07-12;5.071666666666666
2014-07-13;4.3999999999999995
2014-07-14;5.549166666666667
2014-07-15;4.459583333333334
2014-07-16;3.8983333333333334
2014-07-17;2.857083333333333
2014-07-18;2.283333333333333
2014-07-19;1.92875
2014-07-20;1.6558333333333335
2014-07-21;2.2495833333333333
2014-07-22;8.402500000000002
2014-07-23;47.663333333333334
2014-07-24;25.595416666666665
2014-07-25;14.594166666666666
2014-07-26;9.937916666666666
2014-07-27;7.897083333333334
2014-07-28;6.2
2014-07-29;6.770416666666667
2014-07-30;7.771249999999999
2014-07-31;11.368333333333332
2014-08-01;14.606666666666667
2014-08-02;10.2525
2014-08-03;7.834166666666667
2014-08-04;6.310833333333334
2014-08-05;5.0575
2014-08-06;4.21
2014-08-07;3.6787500000000004
2014-08-08;4.010416666666667
2014-08-09;3.214166666666667
2014-08-10;2.887916666666667
2014-08-11;3.5395833333333333
2014-08-12;5.210416666666666
2014-08-13;3.1999999999999997
2014-08-14;3.1558333333333337
2014-08-15;2.9125
2014-08-16;3.6954166666666666
2014-08-17;3.0866666666666664
2014-08-18;2.642916666666667
2014-08-19;2.370833333333333
2014-08-20;2.18625
2014-08-21;2.0391666666666666
2014-08-22;1.9699999999999998
2014-08-23;1.8416666666666666
2014-08-24;1.7541666666666667
2014-08-25;1.8020833333333333
2014-08-26;1.6258333333333335
2014-08-27;2.662916666666667
2014-08-28;2.53
2014-08-29;1.97375
2014-08-30;2.0008333333333335
2014-08-31;1.8808333333333334
2014-09-01;3.018333333333333
2014-09-02;3.5270833333333336
2014-09-03;2.5291666666666663
2014-09-04;2.220416666666667
2014-09-05;2.03375
2014-09-06;1.8958333333333333
2014-09-07;1.8070833333333332
2014-09-08;1.6900000000000002
2014-09-09;1.5750000000000002
2014-09-10;1.495
2014-09-11;1.4649999999999999
2014-09-12;1.3754166666666665
2014-09-13;1.7558333333333334
2014-09-14;1.9908333333333335
2014-09-15;1.53
2014-09-16;1.37625
2014-09-17;1.325
2014-09-18;1.2583333333333333
2014-09-19;1.1991666666666667
2014-09-20;1.3545833333333333
2014-09-21;1.39625
2014-09-22;6.0562499999999995
2014-09-23;5.6000000000000005
2014-09-24;3.15375
2014-09-25;2.688333333333333
2014-09-26;2.6457083333333333
2014-09-27;2.250833333333333
2014-09-28;2.0090833333333333
2014-09-29;1.846
2014-09-30;1.70575
2014-10-01;1.6226666666666667
2014-10-02;1.6062500000000002
2014-10-03;1.55375
2014-10-04;1.4475833333333332
2014-10-05;1.3936250000000001
2014-10-06;1.4325416666666666
2014-10-07;1.562625
2014-10-08;1.9748333333333334
2014-10-09;2.2204166666666665
2014-10-10;1.5918333333333334
2014-10-11;1.82825
2014-10-12;1.7113333333333334
2014-10-13;1.5485
2014-10-14;1.5117500000000001
2014-10-15;1.3985
2014-10-16;1.40825
2014-10-17;2.6340833333333333
2014-10-18;7.719083333333334
2014-10-19;4.066291666666667
2014-10-20;3.1785416666666664
2014-10-21;3.18725
2014-10-22;6.425375
2014-10-23;8.080291666666666
2014-10-24;7.541916666666666
2014-10-25;6.134875
2014-10-26;5.019333333333333
2014-10-27;4.208416666666667
2014-10-28;3.65575
2014-10-29;3.2800833333333337
2014-10-30;2.888958333333333
2014-10-31;2.6905
2014-11-01;2.468625
2014-11-02;2.256083333333333
2014-11-03;2.0952499999999996
2014-11-04;1.9962499999999999
2014-11-05;1.9004166666666666
2014-11-06;4.611958333333333
2014-11-07;4.9667916666666665
2014-11-08;3.470333333333333
2014-11-09;3.084125
2014-11-10;2.74175
2014-11-11;2.648375
2014-11-12;2.480916666666667
2014-11-13;3.3041666666666667
2014-11-14;3.44875
2014-11-15;2.8295833333333333
2014-11-16;7.070416666666667
2014-11-17;9.76625
2014-11-18;9.053749999999999
2014-11-19;7.502083333333334
2014-11-20;6.190416666666667
2014-11-21;5.459166666666667
2014-11-22;4.833333333333333
2014-11-23;4.270416666666667
2014-11-24;3.8225
2014-11-25;3.4129166666666664
2014-11-26;3.1679166666666667
2014-11-27;2.9379166666666663
2014-11-28;2.8370833333333336
2014-11-29;2.6316666666666664
2014-11-30;2.4337500000000003
2014-12-01;2.32875
2014-12-02;2.4858333333333333
2014-12-03;2.271666666666667
2014-12-04;2.155416666666667
2014-12-05;2.05
2014-12-06;1.92125
2014-12-07;1.97375
2014-12-08;1.8533333333333335
2014-12-09;1.8375000000000001
2014-12-10;1.7779166666666668
2014-12-11;2.1875
2014-12-12;2.6937499999999996
2014-12-13;2.3625000000000003
2014-12-14;2.33
2014-12-15;2.8775833333333334
2014-12-16;3.5795833333333333
2014-12-17;3.326416666666667
2014-12-18;4.693291666666666
2014-12-19;9.069125
2014-12-20;9.768125
2014-12-21;10.703291666666667
2014-12-22;8.408708333333333
2014-12-23;7.082249999999999
2014-12-24;6.011375
2014-12-25;5.250333333333333
2014-12-26;4.775833333333334
2014-12-27;4.2725
2014-12-28;4.55875
2014-12-29;3.795
2014-12-30;3.5054166666666666
2014-12-31;3.33375
2015-01-01;3.1425
2015-01-02;2.99375
2015-01-03;6.516666666666667
2015-01-04;19.605416666666667
2015-01-05;19.102083333333333
2015-01-06;13.3925
2015-01-07;10.075000000000001
2015-01-08;8.07625
2015-01-09;7.720416666666666
2015-01-10;7.949583333333333
2015-01-11;10.015833333333333
2015-01-12;10.522916666666667
2015-01-13;8.616666666666667
2015-01-14;8.584583333333333
2015-01-15;11.560416666666667
2015-01-16;9.185416666666667
2015-01-17;11.171666666666667
2015-01-18;12.117916666666666
2015-01-19;10.554166666666667
2015-01-20;9.417083333333332
2015-01-21;8.104583333333332
2015-01-22;7.014166666666667
2015-01-23;6.122916666666666
2015-01-24;5.43875
2015-01-25;5.012083333333333
2015-01-26;4.524583333333333
2015-01-27;4.6475
2015-01-28;4.4775
2015-01-29;4.546666666666667
2015-01-30;5.777083333333334
2015-01-31;5.558333333333334
2015-02-01;4.9825
2015-02-02;4.6137500000000005
2015-02-03;4.309583333333333
2015-02-04;3.8666666666666667
2015-02-05;3.5516666666666663
2015-02-06;3.3370833333333336
2015-02-07;3.0850000000000004
2015-02-08;2.9441666666666664
2015-02-09;2.8691666666666666
2015-02-10;2.749166666666667
2015-02-11;2.71875
2015-02-12;2.6841666666666666
2015-02-13;2.7241666666666666
2015-02-14;2.9608333333333334
2015-02-15;3.525
2015-02-16;3.4175000000000004
2015-02-17;3.2925
2015-02-18;3.09
2015-02-19;2.98
2015-02-20;2.9275
2015-02-21;3.10375
2015-02-22;3.7075
2015-02-23;3.2670833333333333
2015-02-24;10.571250000000001
2015-02-25;7.748333333333334
2015-02-26;6.684583333333333
2015-02-27;6.2475
2015-02-28;10.349583333333333
2015-03-01;8.902083333333334
2015-03-02;14.699166666666665
2015-03-03;20.388749999999998
2015-03-04;15.739583333333334
2015-03-05;12.207916666666668
2015-03-06;9.712916666666667
2015-03-07;8.130833333333333
2015-03-08;7.0975
2015-03-09;6.6362499999999995
2015-03-10;6.590416666666666
2015-03-11;6.534583333333333
2015-03-12;6.9433333333333325
2015-03-13;6.8566666666666665
2015-03-14;6.355833333333333
2015-03-15;5.814166666666666
2015-03-16;5.297916666666667
2015-03-17;4.98375
2015-03-18;5.32125
2015-03-19;5.805
2015-03-20;5.817916666666666
2015-03-21;5.56375
2015-03-22;5.355
2015-03-23;4.85875
2015-03-24;4.600833333333333
2015-03-25;4.495
2015-03-26;4.702916666666667
2015-03-27;4.488333333333333
2015-03-28;4.059166666666667
2015-03-29;4.1175
2015-03-30;15.889583333333334
2015-03-31;17.042916666666667
2015-04-01;12.520000000000001
2015-04-02;10.709583333333333
2015-04-03;15.319583333333334
2015-04-04;13.147916666666667
2015-04-05;17.45
2015-04-06;13.961666666666666
2015-04-07;11.417916666666668
2015-04-08;9.81375
2015-04-09;8.320416666666667
2015-04-10;7.296666666666667
2015-04-11;6.661666666666666
2015-04-12;6.595416666666666
2015-04-13;5.969166666666666
2015-04-14;5.593333333333334
2015-04-15;5.24875
2015-04-16;4.9191666666666665
2015-04-17;4.7
2015-04-18;7.640416666666667
2015-04-19;5.855
2015-04-20;4.880416666666666
2015-04-21;4.3725
2015-04-22;3.942083333333333
2015-04-23;3.7100000000000004
2015-04-24;3.4525
2015-04-25;3.2375000000000003
2015-04-26;3.4616666666666664
2015-04-27;3.1995833333333334
2015-04-28;5.04875
2015-04-29;4.47875
2015-04-30;3.37125
2015-05-01;8.93625
2015-05-02;26.527083333333334
2015-05-03;27.354166666666668
2015-05-04;31.390833333333333
2015-05-05;22.662916666666664
2015-05-06;16.743333333333332
2015-05-07;12.225
2015-05-08;9.869583333333333
2015-05-09;8.035833333333334
2015-05-10;6.800416666666667
2015-05-11;5.826249999999999
2015-05-12;5.115
2015-05-13;4.452083333333333
2015-05-14;5.050416666666666
2015-05-15;6.208333333333333
2015-05-16;11.410416666666668
2015-05-17;7.483750000000001
2015-05-18;6.1125
2015-05-19;5.214583333333334
2015-05-20;4.852916666666666
2015-05-21;5.239583333333333
2015-05-22;4.035
2015-05-23;3.5541666666666667
2015-05-24;3.250833333333334
2015-05-25;3.030416666666667
2015-05-26;4.955
2015-05-27;3.924583333333333
2015-05-28;3.189583333333333
2015-05-29;2.8920833333333333
2015-05-30;2.6533333333333333
2015-05-31;2.5308333333333333
2015-06-01;2.3670833333333334
2015-06-02;2.25
2015-06-03;2.072083333333333
2015-06-04;1.9041666666666668
2015-06-05;1.8245833333333332
2015-06-06;1.7841666666666667
2015-06-07;1.7179166666666668
2015-06-08;1.705
2015-06-09;1.7370833333333333
2015-06-10;1.6229166666666668
2015-06-11;1.5733333333333335
2015-06-12;1.5245833333333334
2015-06-13;2.405
2015-06-14;1.5829166666666667
2015-06-15;4.714583333333334
2015-06-16;3.9945833333333334
2015-06-17;2.4945833333333334
2015-06-18;2.11
2015-06-19;4.519583333333333
2015-06-20;2.890416666666667
2015-06-21;2.794583333333333
2015-06-22;2.3675
2015-06-23;5.707083333333333
2015-06-24;3.5258333333333334
2015-06-25;2.81875
2015-06-26;2.4258333333333337
2015-06-27;2.24375
2015-06-28;2.1533333333333333
2015-06-29;1.9154166666666665
2015-06-30;1.7754166666666666
2015-07-01;1.6666666666666667
2015-07-02;1.5374999999999999
2015-07-03;1.4133333333333333
2015-07-04;1.2920833333333335
2015-07-05;1.2154166666666666
2015-07-06;1.1452173913043477
2015-07-07;1.1076086956521738
2015-07-08;1.07
2015-07-09;1.2016666666666667
2015-07-10;1.0766666666666669
2015-07-11;1.0170833333333333
2015-07-12;0.9562499999999999
2015-07-13;0.9166666666666666
2015-07-14;0.91375
2015-07-15;0.8816666666666667
2015-07-16;0.8308333333333332
2015-07-17;0.7983333333333333
2015-07-18;0.7600000000000001
2015-07-19;0.7775
2015-07-20;0.7775
2015-07-21;0.75
2015-07-22;0.7458333333333332
2015-07-23;2.0208333333333335
2015-07-24;1.2754166666666666
2015-07-25;0.8475
2015-07-26;0.785
2015-07-27;0.8904166666666667
2015-07-28;0.8758333333333334
2015-07-29;0.7741666666666668
2015-07-30;0.9125
2015-07-31;0.7508333333333334
2015-08-01;0.6891666666666666
2015-08-02;0.7291666666666666
2015-08-03;0.64625
2015-08-04;0.58875
2015-08-05;0.5745833333333333
2015-08-06;0.5554166666666667
2015-08-07;0.4908333333333333
2015-08-08;0.4670833333333333
2015-08-09;0.45375000000000004
2015-08-10;0.5633333333333334
2015-08-11;0.5679166666666667
2015-08-12;0.49875
2015-08-13;0.46458333333333335
2015-08-14;0.50125
2015-08-15;0.6595833333333333
2015-08-16;0.5750000000000001
2015-08-17;0.85125
2015-08-18;0.5924999999999999
2015-08-19;0.52375
2015-08-20;0.4945833333333333
2015-08-21;0.47083333333333327
2015-08-22;0.4375
2015-08-23;0.4154166666666667
2015-08-24;0.81625
2015-08-25;1.0116666666666667
2015-08-26;0.6504166666666666
2015-08-27;0.515
2015-08-28;0.4429166666666666
2015-08-29;0.4070833333333333
2015-08-30;0.3925
2015-08-31;0.3666666666666667
2015-09-01;0.3425
2015-09-02;0.6920833333333333
2015-09-03;0.49625
2015-09-04;0.43478260869565216
2015-09-05;0.35250000000000004
2015-09-06;0.375
2015-09-07;0.44166666666666665
2015-09-08;0.38375000000000004
2015-09-09;0.3491666666666667
2015-09-10;0.32875000000000004
2015-09-11;0.3154166666666667
2015-09-12;0.31666666666666665
2015-09-13;0.365
2015-09-14;0.43250000000000005
2015-09-15;0.5683333333333334
2015-09-16;0.40625
2015-09-17;0.4579166666666667
2015-09-18;1.7008333333333334
2015-09-19;0.6170833333333333
2015-09-20;0.57875
2015-09-21;0.5020833333333333
2015-09-22;0.4504166666666667
2015-09-23;1.2137499999999999
2015-09-24;1.0887499999999999
2015-09-25;0.6529166666666667
2015-09-26;0.5545833333333333
2015-09-27;0.49583333333333335
2015-09-28;0.45208333333333334
2015-09-29;0.42041666666666666
2015-09-30;0.40166666666666667
2015-10-01;0.39666666666666667
2015-10-02;0.3958333333333333
2015-10-03;0.39749999999999996
2015-10-04;0.39083333333333337
2015-10-05;0.61
2015-10-06;0.4533333333333333
2015-10-07;0.5308333333333334
2015-10-08;0.5541666666666667
2015-10-09;0.45625
2015-10-10;0.42083333333333334
2015-10-11;0.40208333333333335
2015-10-12;0.38999999999999996
2015-10-13;0.38999999999999996
2015-10-14;0.38999999999999996
2015-10-15;0.38999999999999996
2015-10-16;0.40625
2015-10-17;0.39458333333333334
2015-10-18;0.39625
2015-10-19;0.39916666666666667
2015-10-20;0.39208333333333334
2015-10-21;0.3925
2015-10-22;0.39166666666666666
2015-10-23;0.38999999999999996
2015-10-24;0.3858333333333333
2015-10-25;0.3741666666666667
2015-10-26;0.36999999999999994
2015-10-27;0.36999999999999994
2015-10-28;0.35333333333333333
2015-10-29;0.43166666666666664
2015-10-30;0.4741666666666667
2015-10-31;0.40375
2015-11-01;0.38999999999999996
2015-11-02;0.3758333333333333
2015-11-03;0.36916666666666664
2015-11-04;0.34
2015-11-05;0.34125000000000005
2015-11-06;0.34
2015-11-07;0.34
2015-11-08;0.34791666666666665
2015-11-09;0.34
2015-11-10;0.34
2015-11-11;0.34208333333333335
2015-11-12;0.34
2015-11-13;0.34625
2015-11-14;0.3483333333333334
2015-11-15;0.35874999999999996
2015-11-16;0.34500000000000003
2015-11-17;0.34
2015-11-18;0.34
2015-11-19;0.33208333333333334
2015-11-20;0.3545833333333333
2015-11-21;24.947916666666668
2015-11-22;7.991666666666667
2015-11-23;3.9
2015-11-24;2.7062500000000003
2015-11-25;2.07375
2015-11-26;3.4470833333333335
2015-11-27;3.0620833333333333
2015-11-28;2.3145833333333337
2015-11-29;2.03625
2015-11-30;3.8812499999999996
2015-12-01;13.592083333333333
2015-12-02;12.282499999999999
2015-12-03;7.995
2015-12-04;5.569583333333333
2015-12-05;4.370416666666666
2015-12-06;3.5725
2015-12-07;3.0529166666666665
2015-12-08;2.6625
2015-12-09;2.9716666666666662
2015-12-10;3.9204166666666667
2015-12-11;2.8633333333333333
2015-12-12;2.4250000000000003
2015-12-13;2.205
2015-12-14;2.0191666666666666
2015-12-15;1.8845833333333333
2015-12-16;1.7766666666666666
2015-12-17;2.3579166666666667
2015-12-18;1.9966666666666668
2015-12-19;1.7520833333333332
2015-12-20;1.6279166666666667
2015-12-21;1.58
2015-12-22;2.098333333333333
2015-12-23;1.6566666666666665
2015-12-24;1.52625
2015-12-25;1.44125
2015-12-26;1.3533333333333333
2015-12-27;1.3295833333333333
2015-12-28;1.2908333333333333
2015-12-29;1.24625
2015-12-30;1.1870833333333333
2015-12-31;1.1816666666666666
2016-01-01;1.3462500000000002
2016-01-02;1.1908333333333332
2016-01-03;1.92875
2016-01-04;2.0025
2016-01-05;3.358333333333334
2016-01-06;3.4291666666666667
2016-01-07;5.376666666666666
2016-01-08;6.975416666666667
2016-01-09;8.021666666666667
2016-01-10;9.014583333333333
2016-01-11;12.472500000000002
2016-01-12;19.9275
2016-01-13;19.496666666666666
2016-01-14;14.6625
2016-01-15;11.207500000000001
2016-01-16;8.622083333333334
2016-01-17;6.990416666666666
2016-01-18;5.90125
2016-01-19;5.094166666666667
2016-01-20;4.51625
2016-01-21;3.9929166666666664
2016-01-22;3.5883333333333334
2016-01-23;3.5362500000000003
2016-01-24;4.282916666666666
2016-01-25;4.245833333333333
2016-01-26;5.210833333333333
2016-01-27;7.027916666666666
2016-01-28;10.270416666666668
2016-01-29;15.98375
2016-01-30;16.034166666666668
2016-01-31;23.1525
2016-02-01;41.483333333333334
2016-02-02;35.895
2016-02-03;24.775000000000002
2016-02-04;18.802083333333332
2016-02-05;17.64125
2016-02-06;16.53625
2016-02-07;14.765833333333333
2016-02-08;12.987499999999999
2016-02-09;15.635833333333332
2016-02-10;19.378333333333334
2016-02-11;15.1825
2016-02-12;12.600833333333334
2016-02-13;10.93125
2016-02-14;12.818333333333333
2016-02-15;12.328333333333333
2016-02-16;9.999166666666666
2016-02-17;8.8275
2016-02-18;8.152083333333334
2016-02-19;7.3379166666666675
2016-02-20;6.522083333333334
2016-02-21;8.956666666666667
2016-02-22;10.5
2016-02-23;9.795833333333333
2016-02-24;15.450416666666667
2016-02-25;12.43875
2016-02-26;11.23375
2016-02-27;9.953333333333333
2016-02-28;9.049166666666666
2016-02-29;7.991666666666667
2016-03-01;7.122916666666666
2016-03-02;6.577916666666667
2016-03-03;13.668333333333335
2016-03-04;12.365
2016-03-05;13.677916666666667
2016-03-06;16.111250000000002
2016-03-07;13.741666666666667
2016-03-08;11.323749999999999
2016-03-09;9.55625
2016-03-10;8.372916666666667
2016-03-11;7.41375
2016-03-12;6.734583333333333
2016-03-13;6.252083333333332
2016-03-14;5.943333333333334
2016-03-15;5.5825
2016-03-16;5.449583333333333
2016-03-17;5.0008333333333335
2016-03-18;4.766666666666667
2016-03-19;4.692916666666666
2016-03-20;4.69625
2016-03-21;4.739166666666667
2016-03-22;4.604583333333333
2016-03-23;4.380833333333333
2016-03-24;4.234583333333333
2016-03-25;3.9825
2016-03-26;4.864166666666667
2016-03-27;5.010416666666667
2016-03-28;5.23125
2016-03-29;5.6312500000000005
2016-03-30;5.835416666666667
2016-03-31;6.6875
2016-04-01;6.546666666666667
2016-04-02;6.279583333333334
2016-04-03;6.004166666666666
2016-04-04;6.021666666666667
2016-04-05;5.884166666666666
2016-04-06;7.432083333333334
2016-04-07;6.5808333333333335
2016-04-08;6.030833333333334
2016-04-09;5.128333333333333
2016-04-10;4.592083333333333
2016-04-11;4.215416666666667
2016-04-12;4.6049999999999995
2016-04-13;5.884166666666666
2016-04-14;7.348333333333333
2016-04-15;6.442916666666666
2016-04-16;13.7025
2016-04-17;44.04125
2016-04-18;61.262499999999996
2016-04-19;39.83625
2016-04-20;25.894583333333333
2016-04-21;18.677083333333332
2016-04-22;14.433750000000002
2016-04-23;11.68125
2016-04-24;11.202083333333334
2016-04-25;9.419166666666667
2016-04-26;8.825416666666667
2016-04-27;10.960416666666667
2016-04-28;10.23
2016-04-29;9.649166666666668
2016-04-30;9.569583333333332
2016-05-01;13.268333333333333
2016-05-02;15.935833333333333
2016-05-03;15.46375
2016-05-04;15.14875
2016-05-05;12.35875
2016-05-06;10.342916666666666
2016-05-07;8.961666666666668
2016-05-08;7.795000000000001
2016-05-09;6.84375
2016-05-10;6.18375
2016-05-11;6.243333333333333
2016-05-12;5.957083333333333
2016-05-13;9.235416666666667
2016-05-14;10.595416666666667
2016-05-15;11.919166666666667
2016-05-16;9.924999999999999
2016-05-17;10.3125
2016-05-18;8.772083333333333
2016-05-19;8.269583333333333
2016-05-20;7.6812499999999995
2016-05-21;6.455416666666667
2016-05-22;5.7275
2016-05-23;5.585
2016-05-24;9.625416666666666
2016-05-25;10.054583333333333
2016-05-26;8.375833333333334
2016-05-27;7.295416666666667
2016-05-28;6.386666666666667
2016-05-29;6.047499999999999
2016-05-30;8.58625
2016-05-31;11.577083333333334
2016-06-01;8.952083333333333
2016-06-02;7.952083333333333
2016-06-03;7.320833333333333
2016-06-04;11.38
2016-06-05;15.894583333333332
2016-06-06;17.450833333333332
2016-06-07;14.667499999999999
2016-06-08;12.883333333333333
2016-06-09;28.43625
2016-06-10;24.006666666666664
2016-06-11;17.64375
2016-06-12;14.209583333333333
2016-06-13;15.187916666666666
2016-06-14;15.483333333333334
2016-06-15;14.922083333333333
2016-06-16;15.297916666666666
2016-06-17;15.266666666666666
2016-06-18;15.559583333333334
2016-06-19;13.737499999999999
2016-06-20;14.42375
2016-06-21;12.41375
2016-06-22;11.440416666666666
2016-06-23;9.655833333333334
2016-06-24;8.32375
2016-06-25;9.493333333333334
2016-06-26;12.515
2016-06-27;10.095
2016-06-28;8.615416666666667
2016-06-29;7.59625
2016-06-30;6.736249999999999
2016-07-01;6.274583333333333
2016-07-02;5.6745833333333335
2016-07-03;5.490416666666667
2016-07-04;4.7975
2016-07-05;4.315
2016-07-06;3.983333333333333
2016-07-07;3.5654166666666662
2016-07-08;3.3379166666666666
2016-07-09;3.0570833333333334
2016-07-10;2.8508333333333336
2016-07-11;2.669583333333333
2016-07-12;2.7183333333333333
2016-07-13;3.0229166666666667
2016-07-14;3.5
2016-07-15;3.577083333333333
2016-07-16;2.7154166666666666
2016-07-17;2.4324999999999997
2016-07-18;2.223333333333333
2016-07-19;2.0620833333333333
2016-07-20;1.92375
2016-07-21;1.81125
2016-07-22;1.7466666666666668
2016-07-23;2.005
2016-07-24;1.8591666666666666
2016-07-25;1.7120833333333332
2016-07-26;1.6270833333333332
2016-07-27;1.4825
2016-07-28;1.4891666666666667
2016-07-29;1.45125
2016-07-30;1.4349999999999998
2016-07-31;1.32375
2016-08-01;4.84125
2016-08-02;2.1075
2016-08-03;1.78875
2016-08-04;1.6049999999999998
2016-08-05;2.5683333333333334
2016-08-06;2.872916666666667
2016-08-07;1.8783333333333332
2016-08-08;1.6120833333333333
2016-08-09;1.4520833333333334
2016-08-10;1.4825
2016-08-11;1.4445833333333333
2016-08-12;1.3416666666666668
2016-08-13;1.2675
2016-08-14;1.165
2016-08-15;1.0925
2016-08-16;1.0250000000000001
2016-08-17;0.9666666666666667
2016-08-18;0.9391666666666666
2016-08-19;1.0441666666666667
2016-08-20;0.9691666666666667
2016-08-21;1.2762499999999999
2016-08-22;1.1491666666666667
2016-08-23;0.9420833333333333
2016-08-24;0.8245833333333333
2016-08-25;0.7266666666666667
2016-08-26;0.6575
2016-08-27;0.56
2016-08-28;0.5045833333333333
2016-08-29;0.45416666666666666
2016-08-30;0.44083333333333335
2016-08-31;0.44
2016-09-01;0.44
2016-09-02;0.43375
2016-09-03;0.4025
2016-09-04;0.38999999999999996
2016-09-05;1.1679166666666667
2016-09-06;1.3550000000000002
2016-09-07;0.7283333333333334
2016-09-08;0.49875
2016-09-09;0.4483333333333333
2016-09-10;0.4191666666666667
2016-09-11;0.39625
2016-09-12;0.38999999999999996
2016-09-13;0.3745833333333333
2016-09-14;0.36125
2016-09-15;0.36000000000000004
2016-09-16;0.36000000000000004
2016-09-17;0.345
2016-09-18;0.42875
2016-09-19;1.11
2016-09-20;0.525
2016-09-21;0.375
2016-09-22;0.3595833333333333
2016-09-23;0.3475
2016-09-24;0.32583333333333336
2016-09-25;0.33
2016-09-26;0.31916666666666665
2016-09-27;0.31083333333333335
2016-09-28;0.3770833333333334
2016-09-29;0.32375000000000004
2016-09-30;0.30833333333333335
2016-10-01;0.30416666666666664
2016-10-02;0.31
2016-10-03;0.3520833333333333
2016-10-04;0.32083333333333336
2016-10-05;0.28875
2016-10-06;0.2508333333333333
2016-10-07;0.25333333333333335
2016-10-08;0.24708333333333332
2016-10-09;0.24083333333333332
2016-10-10;0.35833333333333334
2016-10-11;0.335
2016-10-12;0.29291666666666666
2016-10-13;0.26791666666666664
2016-10-14;0.25333333333333335
2016-10-15;0.24375
2016-10-16;0.22291666666666665
2016-10-17;0.22458333333333333
2016-10-18;0.5916666666666667
2016-10-19;1.1833333333333333
2016-10-20;0.43916666666666665
2016-10-21;0.35833333333333334
2016-10-22;1.2175
2016-10-23;0.55375
2016-10-24;0.96125
2016-10-25;1.8304166666666666
2016-10-26;5.819166666666667
2016-10-27;1.9579166666666667
2016-10-28;1.3091666666666666
2016-10-29;1.0216666666666667
2016-10-30;0.8454166666666666
2016-10-31;0.7116666666666666
2016-11-01;0.6029166666666667
2016-11-02;0.49333333333333335
2016-11-03;0.4370833333333333
2016-11-04;0.4083333333333334
2016-11-05;0.38875
2016-11-06;2.64125
2016-11-07;3.2079166666666663
2016-11-08;2.1158333333333332
2016-11-09;1.6116666666666666
2016-11-10;1.6683333333333332
2016-11-11;4.793333333333333
2016-11-12;9.393749999999999
2016-11-13;5.493333333333333
2016-11-14;3.9116666666666666
2016-11-15;3.0191666666666666
2016-11-16;2.5704166666666666
2016-11-17;4.46625
2016-11-18;5.295
2016-11-19;9.162916666666666
2016-11-20;10.35125
2016-11-21;7.989166666666667
2016-11-22;6.322500000000001
2016-11-23;5.039583333333334
2016-11-24;4.187916666666667
2016-11-25;3.5775
2016-11-26;3.1374999999999997
2016-11-27;2.7883333333333336
2016-11-28;2.5466666666666664
2016-11-29;2.3475
2016-11-30;2.1545833333333335
2016-12-01;1.9029166666666668
2016-12-02;1.7420833333333334
2016-12-03;1.65625
2016-12-04;1.5554166666666667
2016-12-05;1.4758333333333333
2016-12-06;1.4170833333333333
2016-12-07;1.3275
2016-12-08;1.23375
2016-12-09;1.19
2016-12-10;1.11375
2016-12-11;1.0645833333333334
2016-12-12;1.0479166666666668
2016-12-13;0.9725
2016-12-14;0.9416666666666665
2016-12-15;0.9016666666666667
2016-12-16;0.8516666666666666
2016-12-17;0.8104166666666667
2016-12-18;0.7808333333333334
2016-12-19;0.7445833333333334
2016-12-20;0.7154166666666666
2016-12-21;0.6745833333333334
2016-12-22;0.6420833333333333
2016-12-23;0.7200000000000001
2016-12-24;0.6766666666666666
2016-12-25;0.6254166666666666
2016-12-26;0.5433333333333333
2016-12-27;0.5741666666666667
2016-12-28;0.5775
2016-12-29;0.5691666666666667
2016-12-30;1.2425
2016-12-31;1.5629166666666665
2017-01-01;1.6491666666666667
2017-01-02;1.63
2017-01-03;0.5904166666666667
2017-01-04;0.3429166666666667
2017-01-05;0.33791666666666664
2017-01-06;1.1195833333333334
2017-01-07;1.4437499999999999
2017-01-08;1.1575
2017-01-09;2.0025
2017-01-10;1.1391666666666667
2017-01-11;0.4170833333333333
2017-01-12;0.7925
2017-01-13;1.603855421686747
2017-01-14;2.246354166666667
2017-01-15;1.20625
2017-01-16;1.0726041666666666
2017-01-17;0.9309375000000001
2017-01-18;1.2972916666666665
2017-01-19;2.4252083333333334
2017-01-20;2.750833333333333
2017-01-21;1.0169791666666665
2017-01-22;0.445625
2017-01-23;0.655
2017-01-24;0.6535416666666667
2017-01-25;0.5794791666666667
2017-01-26;0.9831249999999999
2017-01-27;0.8421875
2017-01-28;1.2320833333333334
2017-01-29;1.3305208333333334
2017-01-30;0.23697916666666666
2017-01-31;1.101875
2017-02-01;21.6496875
2017-02-02;22.2928125
2017-02-03;15.535833333333334
2017-02-04;12.162395833333333
2017-02-05;10.9459375
2017-02-06;10.619479166666666
2017-02-07;10.238229166666667
2017-02-08;8.338333333333333
2017-02-09;7.048541666666666
2017-02-10;5.846770833333333
2017-02-11;5.0242708333333335
2017-02-12;4.377083333333333
2017-02-13;3.87125
2017-02-14;3.4663541666666666
2017-02-15;3.119895833333333
2017-02-16;2.8790625
2017-02-17;2.7566666666666664
2017-02-18;3.6668749999999997
2017-02-19;3.4702083333333333
2017-02-20;3.0522916666666666
2017-02-21;2.8763541666666668
2017-02-22;4.0398958333333335
2017-02-23;5.819791666666667
2017-02-24;5.2765625
2017-02-25;5.334062500000001
2017-02-26;4.234895833333334
2017-02-27;3.675625
2017-02-28;3.3385416666666665
2017-03-01;8.126875
2017-03-02;7.606041666666666
2017-03-03;15.639583333333334
2017-03-04;11.421145833333334
2017-03-05;10.016979166666667
2017-03-06;8.972708333333333
2017-03-07;9.206979166666667
2017-03-08;9.586041666666667
2017-03-09;9.190104166666666
2017-03-10;28.437812500000003
2017-03-11;29.354062499999998
2017-03-12;19.142083333333332
2017-03-13;14.219479166666666
2017-03-14;11.021145833333334
2017-03-15;8.980520833333333
2017-03-16;7.6003125
2017-03-17;6.690520833333333
2017-03-18;6.054062500000001
2017-03-19;6.361562500000001
2017-03-20;7.086875
2017-03-21;5.962708333333333
2017-03-22;5.4750000000000005
2017-03-23;6.162291666666667
2017-03-24;5.1765625
2017-03-25;4.6075
2017-03-26;4.290729166666667
2017-03-27;3.9915625
2017-03-28;3.6832291666666666
2017-03-29;3.401666666666667
2017-03-30;3.1646875
2017-03-31;3.0151041666666667
2017-04-01;2.8725
2017-04-02;2.7403125
2017-04-03;2.6484375
2017-04-04;2.808125
2017-04-05;2.6307291666666663
2017-04-06;2.43875
2017-04-07;2.2694791666666667
2017-04-08;2.1353125
2017-04-09;2.0170833333333333
2017-04-10;1.8971875
2017-04-11;1.8296875000000001
2017-04-12;1.8451041666666665
2017-04-13;1.7097916666666666
2017-04-14;1.6228125
2017-04-15;1.5394791666666665
2017-04-16;1.6180208333333332
2017-04-17;2.3452083333333333
2017-04-18;2.8434375000000003
2017-04-19;2.780416666666667
2017-04-20;2.3452083333333333
2017-04-21;2.129583333333333
2017-04-22;1.9457291666666665
2017-04-23;1.8591666666666669
2017-04-24;1.7827083333333336
2017-04-25;1.670625
2017-04-26;2.0290624999999998
2017-04-27;3.7140625000000003
2017-04-28;3.495473684210526
2017-04-29;3.6107291666666668
2017-04-30;3.54125
2017-05-01;3.3032291666666667
2017-05-02;3.3592708333333334
2017-05-03;3.1410416666666667
2017-05-04;3.130729166666667
2017-05-05;3.9375
2017-05-06;3.6979166666666665
2017-05-07;4.465833333333333
2017-05-08;10.193125
2017-05-09;14.571041666666666
2017-05-10;14.206666666666665
2017-05-11;11.1275
2017-05-12;8.926666666666668
2017-05-13;7.392812500000001
2017-05-14;6.060104166666666
2017-05-15;5.5278125
2017-05-16;5.345416666666666
2017-05-17;4.214479166666666
2017-05-18;3.6755208333333336
2017-05-19;3.3789583333333333
2017-05-20;6.489791666666666
2017-05-21;4.848333333333334
2017-05-22;3.8846875
2017-05-23;3.3779166666666662
2017-05-24;3.0327083333333333
2017-05-25;2.7397916666666666
2017-05-26;2.517916666666667
2017-05-27;2.328333333333333
2017-05-28;2.1336458333333335
2017-05-29;2.0314583333333336
2017-05-30;1.8946874999999999
2017-05-31;1.9478125000000002
2017-06-01;1.8111458333333335
2017-06-02;3.602395833333333
2017-06-03;3.0325531914893618
2017-06-04;2.302947368421053
2017-06-05;5.2421875
2017-06-06;2.9497916666666666
2017-06-07;3.1374999999999997
2017-06-08;3.998958333333333
2017-06-09;2.8347916666666664
2017-06-10;2.4551041666666666
2017-06-11;2.438125
2017-06-12;1.9629166666666666
2017-06-13;1.7686458333333333
2017-06-14;1.6214583333333332
2017-06-15;1.5284375
2017-06-16;1.4269791666666667
2017-06-17;1.3753125
2017-06-18;1.2163541666666666
2017-06-19;1.1279166666666667
2017-06-20;1.01625
2017-06-21;0.9311458333333333
2017-06-22;0.8240625
2017-06-23;0.7218749999999999
2017-06-24;0.6478125
2017-06-25;0.6298958333333333
2017-06-26;0.5965625
2017-06-27;0.5429166666666666
2017-06-28;0.6505208333333333
2017-06-29;0.8523958333333334
2017-06-30;1.3186458333333333
2017-07-01;0.9727083333333333
2017-07-02;0.7356250000000001
2017-07-03;1.4251041666666666
2017-07-04;0.9383333333333334
2017-07-05;0.6619791666666667
2017-07-06;0.5023958333333334
2017-07-07;0.4054166666666667
2017-07-08;0.34927083333333336
2017-07-09;0.330625
2017-07-10;0.35781250000000003
2017-07-11;1.0477083333333332
2017-07-12;1.4902083333333334
2017-07-13;0.7253191489361703
2017-07-14;0.77875
2017-07-15;0.7008333333333333
2017-07-16;0.5795833333333333
2017-07-17;0.3680208333333333
2017-07-18;0.3134375
2017-07-19;0.2967708333333334
2017-07-20;0.2909375
2017-07-21;0.2751041666666667
2017-07-22;0.3930208333333334
2017-07-23;0.3901041666666667
2017-07-24;0.40562499999999996
2017-07-25;1.3246875
2017-07-26;1.8971875
2017-07-27;4.4366666666666665
2017-07-28;2.4838541666666667
2017-07-29;4.0665625
2017-07-30;1.9198958333333334
2017-07-31;1.4712500000000002
2017-08-01;1.3470833333333332
2017-08-02;0.9960416666666667
2017-08-03;2.8232291666666662
2017-08-04;1.2717708333333333
2017-08-05;0.9673958333333333
2017-08-06;0.811875
2017-08-07;0.7238541666666666
2017-08-08;0.5970833333333333
2017-08-09;0.5710416666666667
2017-08-10;0.7626315789473684
2017-08-11;3.9513541666666665
2017-08-12;2.1655208333333333
2017-08-13;1.828125
2017-08-14;1.3307291666666667
2017-08-15;1.100625
2017-08-16;0.8827083333333333
2017-08-17;0.9751041666666667
2017-08-18;0.7531249999999999
2017-08-19;2.366875
2017-08-20;2.4833333333333334
2017-08-21;1.4123958333333333
2017-08-22;1.0759375
2017-08-23;0.8921875
2017-08-24;0.7516666666666666
2017-08-25;0.6257291666666667
2017-08-26;0.5234375
2017-08-27;0.42947916666666663
2017-08-28;0.3690625
2017-08-29;0.3345833333333333
2017-08-30;0.3116666666666667
2017-08-31;0.29875
2017-09-01;0.6967708333333333
2017-09-02;0.7353684210526316
2017-09-03;1.1084375
2017-09-04;0.6414583333333334
2017-09-05;0.435625
2017-09-06;0.34800000000000003
2017-09-07;0.32427083333333334
2017-09-08;0.3304166666666667
2017-09-09;0.3077083333333333
2017-09-10;0.30666666666666664
2017-09-11;0.3308333333333333
2017-09-12;0.29916666666666664
2017-09-13;0.42604166666666665
2017-09-14;0.35656250000000006
2017-09-15;2.5859375
2017-09-16;1.5778125
2017-09-17;1.2204166666666667
2017-09-18;0.9235416666666666
2017-09-19;1.1904166666666667
2017-09-20;0.9385416666666666
2017-09-21;1.1260416666666666
2017-09-22;0.7919791666666667
2017-09-23;0.5962500000000001
2017-09-24;0.48541666666666666
2017-09-25;0.4348958333333333
2017-09-26;0.38125000000000003
2017-09-27;0.3684375
2017-09-28;0.35041666666666665
2017-09-29;0.34166666666666673
2017-09-30;0.3284375
2017-10-01;0.3290625
2017-10-02;0.4135416666666667
2017-10-03;0.33145833333333335
2017-10-04;4.108125
2017-10-05;1.6540625
2017-10-06;1.308125
2017-10-07;3.1446875
2017-10-08;2.1062499999999997
2017-10-09;3.869895833333333
2017-10-10;3.1367708333333333
2017-10-11;2.560625
2017-10-12;2.185208333333333
2017-10-13;1.8569791666666668
2017-10-14;1.6429166666666666
2017-10-15;1.4140625
2017-10-16;1.2682291666666667
2017-10-17;1.1375
2017-10-18;1.0144791666666666
2017-10-19;0.9505208333333334
2017-10-20;0.8894791666666667
2017-10-21;0.8042708333333333
2017-10-22;0.8448958333333333
2017-10-23;1.1435416666666667
2017-10-24;1.8380208333333332
2017-10-25;1.489375
2017-10-26;1.1300000000000001
2017-10-27;0.9264583333333333
2017-10-28;1.1445833333333333
2017-10-29;1.0179166666666666
2017-10-30;1.4455208333333334
2017-10-31;1.8816666666666666
2017-11-01;1.3386458333333333
2017-11-02;1.1572916666666666
2017-11-03;1.0615625000000002
2017-11-04;0.99125
2017-11-05;0.9348958333333334
2017-11-06;5.937604166666667
2017-11-07;5.691979166666666
2017-11-08;4.035416666666666
2017-11-09;4.54625
2017-11-10;4.0290625
2017-11-11;4.0296875000000005
2017-11-12;9.203125
2017-11-13;55.192499999999995
2017-11-14;36.47645833333333
2017-11-15;19.2971875
2017-11-16;13.251354166666665
2017-11-17;10.091354166666667
2017-11-18;8.177916666666667
2017-11-19;6.911874999999999
2017-11-20;6.767395833333333
2017-11-21;5.619270833333334
2017-11-22;8.440833333333332
2017-11-23;7.5761458333333325
2017-11-24;6.868854166666666
2017-11-25;6.586666666666667
2017-11-26;15.634166666666665
2017-11-27;13.992083333333333
2017-11-28;11.522083333333333
2017-11-29;13.630520833333334
2017-11-30;13.525625
2017-12-01;11.1696875
2017-12-02;9.293645833333334
2017-12-03;7.709479166666667
2017-12-04;6.6275
2017-12-05;5.9870833333333335
2017-12-06;5.572916666666667
2017-12-07;5.122916666666667
2017-12-08;4.8428125
2017-12-09;7.929375
2017-12-10;6.724479166666666
2017-12-11;8.768854166666666
2017-12-12;30.260833333333334
2017-12-13;31.352395833333333
2017-12-14;19.726354166666667
2017-12-15;19.526458333333334
2017-12-16;15.699166666666665
2017-12-17;12.991145833333334
2017-12-18;10.766874999999999
2017-12-19;9.555
2017-12-20;8.374166666666666
2017-12-21;7.646770833333334
2017-12-22;7.367708333333333
2017-12-23;8.7359375
2017-12-24;9.461875000000001
2017-12-25;9.3109375
2017-12-26;8.845
2017-12-27;8.299166666666666
2017-12-28;8.391666666666667
2017-12-29;7.792708333333334
2017-12-30;6.996875
2017-12-31;9.66
2018-01-01;18.071368421052632
2018-01-02;18.584479166666664
2018-01-03;16.23270833333333
2018-01-04;31.059479166666666
2018-01-05;44.30885416666666
2018-01-06;65.63979166666667
2018-01-07;47.21947368421053
2018-01-08;31.282395833333336
2018-01-09;21.969166666666666
2018-01-10;17.370520833333334
2018-01-11;14.252395833333333
2018-01-12;11.904791666666666
2018-01-13;10.218541666666667
2018-01-14;8.94875
2018-01-15;7.956979166666667
2018-01-16;7.198125
2018-01-17;11.121354166666668
2018-01-18;12.173645833333333
2018-01-19;13.613541666666668
2018-01-20;24.98375
2018-01-21;18.9421875
2018-01-22;20.076562499999998
2018-01-23;47.42364583333333
2018-01-24;55.5975
2018-01-25;34.46958333333333
2018-01-26;23.148229166666667
2018-01-27;18.338958333333334
2018-01-28;15.749583333333334
2018-01-29;12.991145833333334
2018-01-30;11.454374999999999
2018-01-31;10.4059375
2018-02-01;10.0246875
2018-02-02;15.003645833333332
2018-02-03;11.540312499999999
2018-02-04;10.3453125
2018-02-05;9.256979166666666
2018-02-06;8.284374999999999
2018-02-07;7.615312500000001
2018-02-08;6.983645833333333
2018-02-09;6.466562499999999
2018-02-10;5.939687500000001
2018-02-11;5.5046875
2018-02-12;5.416354166666667
2018-02-13;5.1234375000000005
2018-02-14;4.602291666666667
2018-02-15;4.312708333333333
2018-02-16;6.675104166666666
2018-02-17;20.2571875
2018-02-18;19.00979166666667
2018-02-19;17.778854166666665
2018-02-20;14.9
2018-02-21;12.0790625
2018-02-22;10.123125
2018-02-23;8.697604166666666
2018-02-24;7.633854166666667
2018-02-25;6.8125
2018-02-26;5.858645833333333
2018-02-27;4.9738541666666665
2018-02-28;4.521770833333333
2018-03-01;4.135729166666667
2018-03-02;4.4709375
2018-03-03;4.4359375000000005
2018-03-04;4.229583333333333
2018-03-05;4.27125
2018-03-06;4.2752083333333335
2018-03-07;4.1153125
2018-03-08;3.9657291666666663
2018-03-09;3.6569791666666664
2018-03-10;3.638125
2018-03-11;4.9009375
2018-03-12;5.131875
2018-03-13;5.6902083333333335
2018-03-14;7.8634375
2018-03-15;8.123958333333333
2018-03-16;6.725416666666667
2018-03-17;6.159479166666666
2018-03-18;5.7315625
2018-03-19;5.438229166666667
2018-03-20;4.930833333333333
2018-03-21;4.5253125
2018-03-22;4.1499999999999995
2018-03-23;3.9170833333333337
2018-03-24;3.861666666666667
2018-03-25;3.669375
2018-03-26;3.4369791666666667
2018-03-27;3.243854166666667
2018-03-28;3.1679166666666667
2018-03-29;4.5529166666666665
2018-03-30;8.043333333333333
2018-03-31;5.649791666666666
2018-04-01;5.243645833333333
2018-04-02;4.990729166666667
2018-04-03;4.611354166666667
2018-04-04;4.352083333333334
2018-04-05;4.8340625
2018-04-06;5.6745833333333335
2018-04-07;5.3640625
2018-04-08;4.8225
2018-04-09;4.8165625
2018-04-10;4.8665625
2018-04-11;4.84375
2018-04-12;4.438958333333333
2018-04-13;4.177708333333333
2018-04-14;4.081789473684211
2018-04-15;3.9091666666666662
2018-04-16;4.5571875
2018-04-17;4.795729166666667
2018-04-18;3.9883333333333333
2018-04-19;3.75
2018-04-20;3.7145833333333336
2018-04-21;3.5511458333333334
2018-04-22;3.3710416666666667
2018-04-23;3.1730208333333336
2018-04-24;3.2377083333333334
2018-04-25;3.012916666666667
2018-04-26;2.7685416666666662
2018-04-27;2.8049999999999997
2018-04-28;2.4685416666666664
2018-04-29;2.3585416666666665
2018-04-30;2.4644791666666666
2018-05-01;2.2777083333333334
2018-05-02;2.0476041666666664
2018-05-03;1.9122916666666667
2018-05-04;1.9152083333333332
2018-05-05;1.7752083333333335
2018-05-06;1.7084374999999998
2018-05-07;1.5963541666666667
2018-05-08;1.4428124999999998
2018-05-09;1.3541666666666667
2018-05-10;1.3517708333333334
2018-05-11;2.28
2018-05-12;1.6309375
2018-05-13;1.3438541666666666
2018-05-14;1.3407291666666667
2018-05-15;2.9713541666666665
2018-05-16;3.923125
2018-05-17;5.492083333333333
2018-05-18;4.140729166666667
2018-05-19;2.9880208333333336
2018-05-20;2.6548958333333332
2018-05-21;2.3909375
2018-05-22;2.2641666666666667
2018-05-23;2.310625
2018-05-24;2.4335416666666667
2018-05-25;4.170208333333333
2018-05-26;2.4844791666666666
2018-05-27;2.0705208333333336
2018-05-28;1.988125
2018-05-29;1.8288541666666667
2018-05-30;1.6192708333333332
2018-05-31;1.7335416666666665
2018-06-01;2.9344791666666663
2018-06-02;4.182708333333333
2018-06-03;2.2979166666666666
2018-06-04;1.9427083333333333
2018-06-05;1.9546875000000001
2018-06-06;2.3333333333333335
2018-06-07;2.3381052631578947
2018-06-08;4.5375000000000005
2018-06-09;3.541354166666667
2018-06-10;4.036666666666666
2018-06-11;3.188333333333333
2018-06-12;2.7817708333333333
2018-06-13;2.5938541666666666
2018-06-14;2.508958333333333
2018-06-15;2.1560416666666664
2018-06-16;1.8658333333333335
2018-06-17;1.6352083333333332
2018-06-18;1.4911458333333334
2018-06-19;1.3896875
2018-06-20;1.2344791666666668
2018-06-21;1.1532291666666665
2018-06-22;1.0477083333333332
2018-06-23;0.9886458333333333
2018-06-24;0.9372916666666667
2018-06-25;0.888125
2018-06-26;0.8278125
2018-06-27;0.768125
2018-06-28;0.6627083333333333
2018-06-29;0.5337500000000001
2018-06-30;0.536875
2018-07-01;0.45156250000000003
2018-07-02;0.36260416666666667
2018-07-03;0.3296875
2018-07-04;0.4013541666666667
2018-07-05;0.435625
2018-07-06;1.0636458333333334
2018-07-07;1.6403125
2018-07-08;0.7294791666666667
2018-07-09;0.44114583333333335
2018-07-10;0.3486458333333333
2018-07-11;0.341875
2018-07-12;0.3441666666666667
2018-07-13;0.3203125
2018-07-14;0.28770833333333334
2018-07-15;0.27802083333333333
2018-07-16;0.28979166666666667
2018-07-17;0.27666666666666667
2018-07-18;0.2655208333333334
2018-07-19;0.2521875
2018-07-20;0.24333333333333332
2018-07-21;0.24875
2018-07-22;0.27291666666666664
2018-07-23;0.27187500000000003
2018-07-24;0.2501041666666667
2018-07-25;0.23750000000000002
2018-07-26;0.22927083333333334
2018-07-27;0.2621875
2018-07-28;0.2159375
2018-07-29;0.2228125
2018-07-30;0.22020833333333334
2018-07-31;0.20458333333333334
2018-08-01;0.19968750000000002
2018-08-02;0.19864583333333333
2018-08-03;0.22052083333333336
2018-08-04;0.1965625
2018-08-05;0.18500000000000003
2018-08-06;0.17885416666666668
2018-08-07;0.18229166666666666
2018-08-08;0.17177083333333334
2018-08-09;0.19968750000000002
2018-08-10;0.194375
2018-08-11;0.1846875
2018-08-12;0.1709375
2018-08-13;0.16843750000000002
2018-08-14;0.28510416666666666
2018-08-15;0.22624999999999998
2018-08-16;0.2025
2018-08-17;0.20062500000000003
2018-08-18;0.8351041666666666
2018-08-19;1.0138541666666667
2018-08-20;0.26666666666666666
2018-08-21;0.2334375
2018-08-22;0.225625
2018-08-23;0.2169791666666667
2018-08-24;0.2553125
2018-08-25;0.2782291666666667
2018-08-26;0.27770833333333333
2018-08-27;0.2521875
2018-08-28;0.21916666666666665
2018-08-29;0.21041666666666667
2018-08-30;0.20822916666666666
2018-08-31;0.4473958333333334
2018-09-01;0.8633333333333333
2018-09-02;0.6469791666666667
2018-09-03;0.2928125
2018-09-04;0.27187500000000003
2018-09-05;0.2540625
2018-09-06;0.23604166666666668
2018-09-07;0.244375
2018-09-08;0.25322916666666667
2018-09-09;0.225625
2018-09-10;0.21547368421052632
2018-09-11;0.20302083333333332
2018-09-12;0.18197916666666666
2018-09-13;0.18302083333333333
2018-09-14;0.19239583333333332
2018-09-15;0.22604166666666667
2018-09-16;0.19625
2018-09-17;0.19000000000000003
2018-09-18;0.1836458333333333
2018-09-19;0.17645833333333336
2018-09-20;0.18708333333333335
2018-09-21;0.1690625
2018-09-22;0.23239583333333336
2018-09-23;0.25166666666666665
2018-09-24;0.8932291666666666
2018-09-25;1.6827083333333333
2018-09-26;0.3408333333333333
2018-09-27;0.275
2018-09-28;0.25604166666666667
2018-09-29;0.24479166666666666
2018-09-30;0.23604166666666668
2018-10-01;0.23
2018-10-02;0.24229166666666668
2018-10-03;0.2540625
2018-10-04;0.24
2018-10-05;0.234375
2018-10-06;0.2253125
2018-10-07;0.21552083333333336
2018-10-08;0.21
2018-10-09;0.21
2018-10-10;0.20781249999999998
2018-10-11;0.20739583333333333
2018-10-12;0.19729166666666667
2018-10-13;0.18947916666666667
2018-10-14;0.186875
2018-10-15;0.1786458333333333
2018-10-16;0.18052083333333332
2018-10-17;0.18312499999999998
2018-10-18;0.17895833333333333
2018-10-19;0.17437500000000003
2018-10-20;0.176875
2018-10-21;0.17739583333333334
2018-10-22;0.1679166666666667
2018-10-23;0.16833333333333333
2018-10-24;0.1784375
2018-10-25;0.17239583333333333
2018-10-26;0.18000000000000002
2018-10-27;0.17927083333333335
2018-10-28;0.3070833333333333
2018-10-29;0.31406249999999997
2018-10-30;0.2634375
2018-10-31;0.9827083333333334
2018-11-01;0.35874999999999996
2018-11-02;0.47375000000000006
2018-11-03;0.9203125
2018-11-04;0.3634375
2018-11-05;0.30333333333333334
2018-11-06;0.2840625
2018-11-07;0.26729166666666665
2018-11-08;0.2546875
2018-11-09;0.25
2018-11-10;0.24
2018-11-11;0.23968749999999997
2018-11-12;0.39208333333333334
2018-11-13;0.28302083333333333
2018-11-14;0.29531250000000003
2018-11-15;0.2708333333333333
2018-11-16;0.2577083333333334
2018-11-17;0.24552083333333333
2018-11-18;0.24
2018-11-19;0.2403125
2018-11-20;0.23770833333333333
2018-11-21;0.24239583333333334
2018-11-22;0.23875
2018-11-23;0.23750000000000002
2018-11-24;0.24010416666666667
2018-11-25;0.258125
2018-11-26;0.24125
2018-11-27;0.2359375
2018-11-28;0.259375
2018-11-29;0.24166666666666667
2018-11-30;0.24
2018-12-01;0.2764583333333333
2018-12-02;0.34927083333333336
2018-12-03;1.4615625
2018-12-04;7.139166666666667
2018-12-05;6.169791666666666
2018-12-06;4.081979166666667
2018-12-07;3.0276041666666664
2018-12-08;2.4253125
2018-12-09;3.3841666666666668
2018-12-10;5.472395833333334
2018-12-11;6.473229166666666
2018-12-12;4.3698958333333335
2018-12-13;3.2615625
2018-12-14;2.65375
2018-12-15;2.2170833333333335
2018-12-16;1.8694791666666666
2018-12-17;1.8203125
2018-12-18;1.5622916666666666
2018-12-19;1.39625
2018-12-20;1.6178125
2018-12-21;2.0361458333333333
2018-12-22;4.7515624999999995
2018-12-23;8.629479166666666
2018-12-24;7.846666666666667
2018-12-25;17.548333333333336
2018-12-26;12.384583333333333
2018-12-27;8.729687499999999
2018-12-28;6.598541666666667
2018-12-29;5.1875
2018-12-30;4.1812499999999995
2018-12-31;3.5278125
2019-01-01;3.0928125000000004
2019-01-02;2.7846875
2019-01-03;2.793645833333333
2019-01-04;2.4128125
2019-01-05;2.2144791666666666
2019-01-06;2.1696874999999998
2019-01-07;2.4757291666666665
2019-01-08;2.3535416666666666
2019-01-09;2.411354166666667
2019-01-10;2.7133333333333334
2019-01-11;2.405625
2019-01-12;2.1642708333333336
2019-01-13;2.344375
2019-01-14;8.5684375
2019-01-15;25.0540625
2019-01-16;14.4909375
2019-01-17;9.936354166666666
2019-01-18;8.005729166666667
2019-01-19;6.745520833333334
2019-01-20;5.6496875
2019-01-21;4.910729166666667
2019-01-22;4.2478125
2019-01-23;3.7879166666666664
2019-01-24;3.4701041666666668
2019-01-25;3.0761458333333334
2019-01-26;2.7709375
2019-01-27;2.6367708333333333
2019-01-28;2.9507291666666666
2019-01-29;3.1876041666666666
2019-01-30;2.7934375
2019-01-31;2.6521875
2019-02-01;2.5082291666666667
2019-02-02;3.012916666666667
2019-02-03;3.51375
2019-02-04;3.6059375
2019-02-05;3.221666666666667
2019-02-06;3.0400000000000005
2019-02-07;2.899479166666667
2019-02-08;3.761041666666667
2019-02-09;4.227291666666667
2019-02-10;4.599270833333333
2019-02-11;8.83875
2019-02-12;12.392291666666667
2019-02-13;9.724166666666667
2019-02-14;8.011770833333333
2019-02-15;6.8194791666666665
2019-02-16;6.1691666666666665
2019-02-17;5.97375
2019-02-18;6.029375000000001
2019-02-19;6.2273958333333335
2019-02-20;6.323854166666667
2019-02-21;6.349791666666667
2019-02-22;6.174166666666667
2019-02-23;6.251458333333333
2019-02-24;6.343125000000001
2019-02-25;5.920104166666667
2019-02-26;5.719166666666666
2019-02-27;6.0471875
2019-02-28;6.3176041666666665
2019-03-01;6.801458333333334
2019-03-02;14.022291666666666
2019-03-03;12.745104166666666
2019-03-04;10.56875
2019-03-05;10.681041666666667
2019-03-06;10.072916666666666
2019-03-07;8.3721875
2019-03-08;9.533020833333333
2019-03-09;8.605833333333333
2019-03-10;7.8125
2019-03-11;10.870416666666666
2019-03-12;10.308125
2019-03-13;8.568333333333333
2019-03-14;8.946458333333334
2019-03-15;9.476979166666666
2019-03-16;27.542916666666667
2019-03-17;29.959270833333335
2019-03-18;21.328854166666666
2019-03-19;17.216354166666665
2019-03-20;13.8509375
2019-03-21;11.4690625
2019-03-22;9.759583333333333
2019-03-23;8.454583333333334
2019-03-24;7.415104166666667
2019-03-25;6.711562499999999
2019-03-26;6.12
2019-03-27;5.608854166666667
2019-03-28;4.986458333333333
2019-03-29;4.480520833333333
2019-03-30;4.1353125
2019-03-31;3.9221874999999997
2019-04-01;3.7296875000000003
2019-04-02;3.6240625000000004
2019-04-03;3.53
2019-04-04;4.930625
2019-04-05;5.274479166666667
2019-04-06;4.7039583333333335
2019-04-07;4.760104166666667
2019-04-08;5.058229166666667
2019-04-09;4.605208333333334
2019-04-10;5.257708333333333
2019-04-11;6.003645833333334
2019-04-12;6.094270833333333
2019-04-13;5.5740625
2019-04-14;5.175416666666667
2019-04-15;4.9559375
2019-04-16;4.555729166666667
2019-04-17;4.1970833333333335
2019-04-18;4.282708333333333
2019-04-19;3.8839583333333336
2019-04-20;3.635
2019-04-21;3.4315625
2019-04-22;3.2710416666666666
2019-04-23;3.158958333333333
2019-04-24;3.0995833333333334
2019-04-25;3.0296875
2019-04-26;2.8568421052631576
2019-04-27;3.2334375000000004
2019-04-28;3.6125000000000003
2019-04-29;3.740104166666667
2019-04-30;3.0847916666666664
2019-05-01;2.8047916666666666
2019-05-02;2.5933333333333333
2019-05-03;2.4523958333333336
2019-05-04;3.9486458333333334
2019-05-05;4.188645833333333
2019-05-06;3.9396875
2019-05-07;3.6766666666666663
2019-05-08;3.331354166666667
2019-05-09;4.951875
2019-05-10;6.7778125
2019-05-11;5.894166666666667
2019-05-12;6.421145833333333
2019-05-13;7.3859375
2019-05-14;5.967083333333334
2019-05-15;5.349791666666667
2019-05-16;4.8542708333333335
2019-05-17;4.444166666666667
2019-05-18;4.078020833333333
2019-05-19;3.763958333333333
2019-05-20;3.9995833333333333
2019-05-21;15.487708333333332
2019-05-22;20.596979166666667
2019-05-23;19.994479166666668
2019-05-24;14.898645833333333
2019-05-25;11.223437500000001
2019-05-26;8.939270833333333
2019-05-27;7.3968750000000005
2019-05-28;7.768020833333334
2019-05-29;10.047916666666667
2019-05-30;8.540104166666667
2019-05-31;6.741770833333334
2019-06-01;5.170625
2019-06-02;4.097916666666666
2019-06-03;3.7678125
2019-06-04;3.5454166666666667
2019-06-05;3.2830208333333335
2019-06-06;3.004375
2019-06-07;3.1172916666666666
2019-06-08;2.936458333333333
2019-06-09;2.7009375
2019-06-10;2.5171875
2019-06-11;2.987604166666667
2019-06-12;5.231770833333333
2019-06-13;3.6244791666666667
2019-06-14;2.9829166666666667
2019-06-15;2.5228125
2019-06-16;2.950833333333333
2019-06-17;14.300104166666666
2019-06-18;6.513437499999999
2019-06-19;4.850208333333334
2019-06-20;3.9780208333333333
2019-06-21;4.647291666666667
2019-06-22;3.68625
2019-06-23;4.2040625
2019-06-24;3.7053125
2019-06-25;3.1366666666666667
2019-06-26;2.7380208333333336
2019-06-27;2.4290625
2019-06-28;2.2065625
2019-06-29;2.0517708333333333
2019-06-30;1.9177083333333333
2019-07-01;1.7732291666666666
2019-07-02;1.6703124999999999
2019-07-03;1.5998958333333333
2019-07-04;1.501875
2019-07-05;1.4115624999999998
2019-07-06;1.3272916666666668
2019-07-07;1.3258333333333334
2019-07-08;1.4662499999999998
2019-07-09;1.3673958333333334
2019-07-10;1.2983333333333333
2019-07-11;1.1541666666666666
2019-07-12;1.1326041666666666
2019-07-13;1.4459375
2019-07-14;1.4527083333333335
2019-07-15;1.7210416666666666
2019-07-16;1.7394791666666667
2019-07-17;1.2279166666666668
2019-07-18;1.0438541666666667
2019-07-19;0.9312631578947368
2019-07-20;0.8464583333333334
2019-07-21;0.78125
2019-07-22;0.8133333333333334
2019-07-23;0.7107291666666667
2019-07-24;0.658125
2019-07-25;0.6128125000000001
2019-07-26;0.5519791666666667
2019-07-27;0.5252083333333334
2019-07-28;0.516875
2019-07-29;3.403958333333333
2019-07-30;1.818125
2019-07-31;1.0035416666666668
2019-08-01;0.8498958333333334
2019-08-02;0.7254166666666667
2019-08-03;0.6628124999999999
2019-08-04;0.615
2019-08-05;0.5655208333333334
2019-08-06;0.5092708333333333
2019-08-07;1.0101041666666666
2019-08-08;3.1034375
2019-08-09;1.7896875
2019-08-10;1.044375
2019-08-11;1.0328125000000001
2019-08-12;1.0961458333333334
2019-08-13;1.694375
2019-08-14;1.1113541666666666
2019-08-15;0.8615624999999999
2019-08-16;0.8916666666666666
2019-08-17;1.1917894736842105
2019-08-18;0.7778125
2019-08-19;0.9004166666666666
2019-08-20;3.8085416666666667
2019-08-21;2.9759375
2019-08-22;3.051770833333333
2019-08-23;1.9186458333333334
2019-08-24;1.5027083333333333
2019-08-25;1.3011458333333332
2019-08-26;1.0986458333333333
2019-08-27;0.9244791666666666
2019-08-28;0.7540625
2019-08-29;0.6679166666666667
2019-08-30;0.7230208333333333
2019-08-31;0.7220833333333333
2019-09-01;0.6563541666666667
2019-09-02;0.5480208333333333
2019-09-03;0.5229166666666667
2019-09-04;0.48322916666666665
2019-09-05;0.4344791666666667
2019-09-06;0.4239583333333334
2019-09-07;0.4184375
2019-09-08;0.40604166666666663
2019-09-09;1.0106249999999999
2019-09-10;0.9645833333333332
2019-09-11;0.5194791666666666
2019-09-12;0.42291666666666666
2019-09-13;0.3841666666666667
2019-09-14;0.3598958333333333
2019-09-15;0.35354166666666664
2019-09-16;0.34760416666666666
2019-09-17;0.34625
2019-09-18;0.33270833333333333
2019-09-19;0.3279166666666667
2019-09-20;0.32489583333333333
2019-09-21;0.3153125
2019-09-22;0.31645833333333334
2019-09-23;0.37406249999999996
2019-09-24;2.4890624999999997
2019-09-25;0.723125
2019-09-26;0.85125
2019-09-27;1.9210416666666665
2019-09-28;1.7035416666666665
2019-09-29;3.16
2019-09-30;1.5464583333333335
2019-10-01;1.2941666666666667
2019-10-02;1.1111458333333333
2019-10-03;3.0347916666666666
2019-10-04;3.0182291666666665
2019-10-05;2.2087499999999998
2019-10-06;3.650520833333333
2019-10-07;4.1918750000000005
2019-10-08;6.380208333333333
2019-10-09;4.066770833333334
2019-10-10;8.026562499999999
2019-10-11;8.1034375
2019-10-12;6.207708333333333
2019-10-13;4.8015625
2019-10-14;3.8796874999999997
2019-10-15;3.3551041666666666
2019-10-16;3.2517708333333335
2019-10-17;3.542291666666667
2019-10-18;2.8396875
2019-10-19;3.0546875
2019-10-20;8.446458333333334
2019-10-21;6.339895833333333
2019-10-22;5.110520833333333
2019-10-23;5.0129166666666665
2019-10-24;4.1359375
2019-10-25;3.725
2019-10-26;3.3490625
2019-10-27;3.0707291666666667
2019-10-28;2.795263157894737
2019-10-29;2.8867708333333333
2019-10-30;2.8546875000000003
2019-10-31;2.7930208333333333
2019-11-01;3.2327368421052634
2019-11-02;3.0894791666666666
2019-11-03;5.8843749999999995
2019-11-04;10.0053125
2019-11-05;11.395000000000001
2019-11-06;11.173541666666667
2019-11-07;9.144583333333333
2019-11-08;7.6499999999999995
2019-11-09;6.9816666666666665
2019-11-10;6.413541666666667
2019-11-11;5.679479166666667
2019-11-12;4.898333333333333
2019-11-13;4.427764705882353
2019-11-14;4.031145833333333
2019-11-15;3.698541666666667
2019-11-16;3.4023958333333333
2019-11-17;3.1027083333333336
2019-11-18;3.016458333333333
2019-11-19;3.246770833333333
2019-11-20;2.8921875
2019-11-21;2.739166666666667
2019-11-22;2.6354166666666665
2019-11-23;2.5116842105263157
2019-11-24;2.4743749999999998
2019-11-25;2.330625
2019-11-26;2.1802083333333333
2019-11-27;2.087083333333333
2019-11-28;2.1783333333333332
2019-11-29;2.2877083333333332
2019-11-30;9.128229166666666
2019-12-01;7.8171875
2019-12-02;6.2034375
2019-12-03;5.312916666666667
2019-12-04;4.518105263157895
2019-12-05;4.0103125
2019-12-06;3.6403125
2019-12-07;3.3433333333333333
2019-12-08;3.7021875000000004
2019-12-09;3.256770833333333
2019-12-10;4.78375
2019-12-11;6.751874999999999
2019-12-12;5.361666666666667
2019-12-13;5.440625
2019-12-14;6.312916666666666
2019-12-15;7.314166666666666
2019-12-16;15.240520833333333
2019-12-17;14.8140625
2019-12-18;12.177395833333334
2019-12-19;10.4221875
2019-12-20;8.700000000000001
2019-12-21;10.420625
2019-12-22;10.642395833333333
2019-12-23;12.104270833333333
2019-12-24;13.352083333333333
2019-12-25;12.899791666666667
2019-12-26;13.4121875
2019-12-27;11.988020833333332
2019-12-28;15.774166666666666
2019-12-29;14.090104166666668
2019-12-30;12.482083333333334
2019-12-31;10.711041666666667
2020-01-01;8.95375
2020-01-02;7.6340625
2020-01-03;6.728229166666666
2020-01-04;6.0
2020-01-05;6.53875
2020-01-06;5.360104166666667
2020-01-07;4.781979166666667
2020-01-08;4.3065625
2020-01-09;3.9613541666666667
2020-01-10;3.774479166666667
2020-01-11;3.9345833333333338
2020-01-12;3.928645833333333
2020-01-13;3.47125
2020-01-14;3.302395833333333
2020-01-15;3.1611458333333338
2020-01-16;2.9720833333333334
2020-01-17;2.794375
2020-01-18;3.2583333333333333
2020-01-19;4.024791666666666
2020-01-20;3.1669791666666662
2020-01-21;2.8810416666666665
2020-01-22;2.7344791666666666
2020-01-23;2.676041666666667
2020-01-24;2.570520833333333
2020-01-25;2.5303125
2020-01-26;2.449479166666667
2020-01-27;2.361458333333333
2020-01-28;2.4047916666666667
2020-01-29;4.632499999999999
2020-01-30;3.8553125
2020-01-31;3.7203125
2020-02-01;6.45
2020-02-02;5.484479166666667
2020-02-03;8.326354166666667
2020-02-04;42.336354166666666
2020-02-05;50.41354166666667
2020-02-06;33.724421052631584
2020-02-07;24.306458333333335
2020-02-08;18.448333333333334
2020-02-09;14.448020833333333
2020-02-10;12.174270833333333
2020-02-11;16.285833333333333
2020-02-12;17.963333333333335
2020-02-13;14.927604166666667
2020-02-14;15.594479166666666
2020-02-15;18.71770833333333
2020-02-16;15.750416666666666
2020-02-17;14.559479166666668
2020-02-18;19.150833333333335
2020-02-19;18.111770833333335
2020-02-20;15.527604166666668
2020-02-21;13.477291666666666
2020-02-22;12.292812499999998
2020-02-23;10.133958333333334
2020-02-24;9.13625
2020-02-25;8.23375
2020-02-26;9.056458333333333
2020-02-27;9.1990625
2020-02-28;8.689375
2020-02-29;8.5809375
2020-03-01;10.024895833333334
2020-03-02;11.836979166666666
2020-03-03;11.287291666666667
2020-03-04;13.306666666666667
2020-03-05;11.114062500000001
2020-03-06;17.468645833333333
2020-03-07;22.026354166666668
2020-03-08;18.500520833333333
2020-03-09;15.628749999999998
2020-03-10;16.798125000000002
2020-03-11;22.762083333333333
2020-03-12;27.241249999999997
2020-03-13;25.036666666666665
2020-03-14;22.730208333333334
2020-03-15;17.838333333333335
2020-03-16;14.824583333333335
2020-03-17;12.609791666666666
2020-03-18;10.689375
2020-03-19;9.313333333333333
2020-03-20;8.181458333333333
2020-03-21;7.453020833333333
2020-03-22;6.843645833333333
2020-03-23;6.238958333333334
2020-03-24;5.5183333333333335
2020-03-25;4.985104166666667
2020-03-26;4.555416666666667
2020-03-27;4.196770833333333
2020-03-28;3.9252083333333334
2020-03-29;3.6469791666666667
2020-03-30;3.5399999999999996
2020-03-31;3.3672916666666666
2020-04-01;3.1033333333333335
2020-04-02;2.925625
2020-04-03;2.7720833333333332
2020-04-04;2.5825
2020-04-05;2.4191666666666665
2020-04-06;2.26125
2020-04-07;2.1476041666666665
2020-04-08;2.0361458333333333
2020-04-09;1.97625
2020-04-10;1.9255208333333333
2020-04-11;1.8782291666666666
2020-04-12;1.8388541666666667
2020-04-13;1.8007291666666667
2020-04-14;1.7442708333333332
2020-04-15;1.7092708333333333
2020-04-16;1.624375
2020-04-17;1.5470833333333334
2020-04-18;1.4915625
2020-04-19;1.4436458333333333
2020-04-20;1.4235416666666667
2020-04-21;1.3861458333333332
2020-04-22;1.3272916666666668
2020-04-23;1.2560416666666667
2020-04-24;1.1767708333333333
2020-04-25;1.1495833333333334
2020-04-26;1.1133333333333333
2020-04-27;1.0884375000000002
2020-04-28;1.0680208333333334
2020-04-29;1.0542708333333335
2020-04-30;1.5498958333333333
2020-05-01;1.3835416666666667
2020-05-02;1.3746875
2020-05-03;2.548020833333333
2020-05-04;1.8555208333333333
2020-05-05;1.3638541666666668
2020-05-06;1.2346875
2020-05-07;1.1380208333333333
2020-05-08;1.008125
2020-05-09;0.9078124999999999
2020-05-10;0.8244791666666668
2020-05-11;0.8605208333333333
2020-05-12;1.6373958333333334
2020-05-13;1.4716666666666667
2020-05-14;1.455
2020-05-15;2.300520833333333
2020-05-16;1.4243750000000002
2020-05-17;1.1507291666666666
2020-05-18;0.9908333333333333
2020-05-19;0.8685416666666667
2020-05-20;0.7754166666666666
2020-05-21;0.6886458333333333
2020-05-22;0.6201041666666667
2020-05-23;0.5670833333333333
2020-05-24;1.8421874999999999
2020-05-25;1.2085416666666666
2020-05-26;0.8795833333333333
2020-05-27;0.709375
2020-05-28;0.5783333333333334
2020-05-29;0.5161458333333334
2020-05-30;0.4713541666666667
2020-05-31;0.4444791666666667
2020-06-01;0.4428125
2020-06-02;0.3963541666666666
2020-06-03;0.3629166666666667
2020-06-04;0.34197916666666667
2020-06-05;0.6853125000000001
2020-06-06;1.4497916666666668
2020-06-07;2.1514583333333333
2020-06-08;2.1675
2020-06-09;1.2439583333333333
2020-06-10;1.1161458333333334
2020-06-11;1.5234375
2020-06-12;2.2920833333333333
2020-06-13;1.4325
2020-06-14;1.3753125
2020-06-15;1.3183333333333334
2020-06-16;1.133191489361702
2020-06-17;0.9791666666666666
2020-06-18;3.5352083333333333
2020-06-19;2.4734374999999997
2020-06-20;1.7092708333333333
2020-06-21;1.5503125000000002
2020-06-22;1.3484375
2020-06-23;1.1446875
2020-06-24;0.989375
2020-06-25;0.828125
2020-06-26;0.7094736842105264
2020-06-27;1.3895833333333334
2020-06-28;1.0822916666666667
2020-06-29;1.6051041666666668
2020-06-30;1.256875
2020-07-01;0.9116666666666666
2020-07-02;0.7573958333333333
2020-07-03;0.918125
2020-07-04;0.7169791666666666
2020-07-05;0.5704166666666667
2020-07-06;0.48322916666666665
2020-07-07;0.8196875
2020-07-08;0.553125
2020-07-09;0.4321875
2020-07-10;0.38052083333333336
2020-07-11;0.34833333333333333
2020-07-12;0.34125
2020-07-13;0.32
2020-07-14;0.3053125
2020-07-15;0.2940625
2020-07-16;0.3672916666666666
2020-07-17;0.4354166666666666
2020-07-18;0.8310416666666667
2020-07-19;0.3871875
2020-07-20;0.3104166666666667
2020-07-21;0.2894791666666667
2020-07-22;0.27968750000000003
2020-07-23;0.2691666666666667
2020-07-24;0.2626041666666667
2020-07-25;0.2596875
2020-07-26;0.25354166666666667
2020-07-27;0.26666666666666666
2020-07-28;0.25156249999999997
2020-07-29;0.2361458333333333
2020-07-30;0.23645833333333333
2020-07-31;0.23093750000000002
2020-08-01;0.22187500000000002
2020-08-02;0.24250000000000002
2020-08-03;1.7734375
2020-08-04;1.1872916666666666
2020-08-05;1.9415625
2020-08-06;0.8114583333333334
2020-08-07;0.3823958333333333
2020-08-08;0.3025
2020-08-09;0.27166666666666667
2020-08-10;0.2547916666666667
2020-08-11;0.2482291666666667
2020-08-12;0.24916666666666665
2020-08-13;0.9021875
2020-08-14;0.5343749999999999
2020-08-15;0.41958333333333336
2020-08-16;0.4010416666666667
2020-08-17;0.2838541666666667
2020-08-18;2.4147916666666664
2020-08-19;0.6832291666666667
2020-08-20;0.38114583333333335
2020-08-21;0.29520833333333335
2020-08-22;0.26104166666666667
2020-08-23;0.2598958333333333
2020-08-24;0.25583333333333336
2020-08-25;0.2501041666666667
2020-08-26;0.24447916666666666
2020-08-27;0.2353125
2020-08-28;0.23322916666666668
2020-08-29;0.5102083333333333
2020-08-30;0.37604166666666666
2020-08-31;7.594166666666666
2020-09-01;4.9515625000000005
2020-09-02;2.836979166666667
2020-09-03;1.7829166666666667
2020-09-04;1.3988541666666665
2020-09-05;0.9920833333333333
2020-09-06;0.730625
2020-09-07;0.6134375
2020-09-08;0.541875
2020-09-09;0.4477083333333333
2020-09-10;0.3802083333333333
2020-09-10;0.413
2020-09-11;0.385
2020-09-12;0.349
2020-09-13;0.327
2020-09-14;0.317
2020-09-15;0.289
2020-09-16;0.374
2020-09-17;0.352
2020-09-18;0.295
2020-09-19;0.284
2020-09-20;0.275
2020-09-21;0.267
2020-09-22;0.266
2020-09-23;0.634
2020-09-24;0.643
2020-09-25;1.55
2020-09-26;5.154
2020-09-27;7.283
2020-09-28;3.653
2020-09-29;3.097
2020-09-30;2.354
2020-10-01;1.998
2020-10-02;1.773
2020-10-03;2.3
2020-10-04;2.234
2020-10-05;2.127
2020-10-06;4.507
2020-10-07;7.009
2020-10-08;5.37
2020-10-09;4.154
2020-10-10;7.09
2020-10-11;5.86
2020-10-12;5.086
2020-10-13;4.306
2020-10-14;3.589
2020-10-15;3.154
2020-10-16;3.032
2020-10-17;2.71
2020-10-18;2.382
2020-10-19;2.116
2020-10-20;1.917
2020-10-21;1.726
2020-10-22;1.642
2020-10-23;2.937
2020-10-24;3.759
2020-10-25;2.573
2020-10-26;5.363
2020-10-27;4.72
2020-10-28;4.722
2020-10-29;6.29
2020-10-30;6.24
2020-10-31;5.417
2020-11-01;8.798
2020-11-02;10.106
2020-11-03;8.794
2020-11-04;8.032
2020-11-05;6.761
2020-11-06;5.899
2020-11-07;5.21
2020-11-08;4.601
2020-11-09;3.982
2020-11-10;3.531
2020-11-11;3.203
2020-11-12;2.931
2020-11-13;2.691
2020-11-14;2.497
2020-11-15;2.387
2020-11-16;2.932
2020-11-17;2.29
2020-11-18;2.127
2020-11-19;2.811
2020-11-20;3.406
2020-11-21;2.671
2020-11-22;2.393
2020-11-23;2.236
2020-11-24;2.092
2020-11-25;2.015
2020-11-26;1.919
2020-11-27;1.849
2020-11-28;1.785
2020-11-29;1.723
2020-11-30;1.646
2020-12-01;2.024
2020-12-02;1.771
2020-12-03;1.683
2020-12-04;1.692
2020-12-05;1.876
2020-12-06;2.039
2020-12-07;2.124
2020-12-08;1.935
2020-12-09;1.894
2020-12-10;1.817
2020-12-11;1.805
2020-12-12;3.377
2020-12-13;6.981
2020-12-14;5.806
2020-12-15;6.344
2020-12-16;6.951
2020-12-17;6.155
2020-12-18;5.674
2020-12-19;5.068
2020-12-20;4.603
2020-12-21;4.462
2020-12-22;5.858
2020-12-23;5.195
2020-12-24;10.1
2020-12-25;10.635
2020-12-26;8.961
2020-12-27;8.1
2020-12-28;12.328
2020-12-29;10.882
2020-12-30;9.119
2020-12-31;7.715
2021-01-01;7.073
2021-01-02;6.194
2021-01-03;5.515
2021-01-04;4.92
2021-01-05;4.502
2021-01-06;4.136
2021-01-07;3.789
2021-01-08;3.531
2021-01-09;3.313
2021-01-10;3.128
2021-01-11;2.863
2021-01-12;3.683
2021-01-13;4.133
2021-01-14;16.425
2021-01-15;10.561
2021-01-16;8.128
2021-01-17;7.306
2021-01-18;6.338
2021-01-19;5.511
2021-01-20;5.353
2021-01-21;7.998
2021-01-22;18.281
2021-01-23;20.117
2021-01-24;17.679
2021-01-25;13.916
2021-01-26;12.112
2021-01-27;10.925
2021-01-28;26.575
2021-01-29;66.833
2021-01-30;58.7
2021-01-31;47.482
2021-02-01;40.829
2021-02-02;41.188
2021-02-03;57.528
2021-02-04;44.896
2021-02-05;30.915
2021-02-06;24.747
2021-02-07;21.694
2021-02-08;19.399
2021-02-09;15.486
2021-02-10;12.984
2021-02-11;11.265
2021-02-12;9.828
2021-02-13;8.662
2021-02-14;8.097
2021-02-15;7.748
2021-02-16;8.211
2021-02-17;8.274
2021-02-18;7.611
2021-02-19;7.98
2021-02-20;7.737
2021-02-21;7.477
2021-02-22;7.276
2021-02-23;7.055
2021-02-24;7.093
2021-02-25;7.046
2021-02-26;6.614
2021-02-27;6.14
2021-02-28;5.601
2021-03-01;5.175
2021-03-02;4.751
2021-03-03;4.371
2021-03-04;4.27
2021-03-05;4.75
2021-03-06;4.074
2021-03-07;3.771
2021-03-08;3.547
2021-03-09;3.371
2021-03-10;3.176
2021-03-11;4.458
2021-03-12;7.552
2021-03-13;7.128
2021-03-14;8.73
2021-03-15;8.203
2021-03-16;7.816
2021-03-17;7.681
2021-03-18;7.415
2021-03-19;7.046
2021-03-20;6.396
2021-03-21;5.904
2021-03-22;5.513
2021-03-23;5.221
2021-03-24;5.232
2021-03-25;5.718
2021-03-26;6.449
2021-03-27;8.187
2021-03-28;7.569
2021-03-29;7.332
2021-03-30;7.077
2021-03-31;6.909
2021-04-01;6.681
2021-04-02;6.349
2021-04-03;5.674
2021-04-04;5.116
2021-04-05;4.763
2021-04-06;4.555
2021-04-07;4.341
2021-04-08;3.993
2021-04-09;3.922
2021-04-10;3.793
2021-04-11;3.59
2021-04-12;5.124
2021-04-13;4.151
2021-04-14;3.678
2021-04-15;3.407
2021-04-16;3.198
2021-04-17;3.054
2021-04-18;2.935
2021-04-19;2.84
2021-04-20;2.718
2021-04-21;2.612
2021-04-22;2.489
2021-04-23;2.359
2021-04-24;2.243
2021-04-25;2.182
2021-04-26;2.112
2021-04-27;2.052
2021-04-28;2.111
2021-04-29;2.777
2021-04-30;3.509
2021-05-01;3.614
2021-05-02;5.541
2021-05-03;3.896
2021-05-04;3.342
2021-05-05;9.09
2021-05-06;11.361
2021-05-07;26.937
2021-05-08;20.643
2021-05-09;15.179
2021-05-10;11.37
2021-05-11;9.698
2021-05-12;11.247
2021-05-13;8.575
2021-05-14;7.473
2021-05-15;7.569
2021-05-16;8.876
2021-05-17;13.622
2021-05-18;19.03
2021-05-19;18.691
2021-05-20;16.369
2021-05-21;16.417
2021-05-22;18.463
2021-05-23;16.047
2021-05-24;12.694
2021-05-25;11.295
2021-05-26;10.006
2021-05-27;11.598
2021-05-28;9.364
2021-05-29;8.241
2021-05-30;7.448
2021-05-31;6.773
2021-06-01;6.027
2021-06-02;5.541
2021-06-03;5.135
2021-06-04;4.49
2021-06-05;4.877
2021-06-06;4.84
2021-06-07;4.364
2021-06-08;6.835
2021-06-09;9.488
2021-06-10;10.163
2021-06-11;8.685
2021-06-12;7.438
2021-06-13;6.3
2021-06-14;5.35
2021-06-15;4.671
2021-06-16;4.101
2021-06-17;3.586
2021-06-18;3.171
2021-06-19;2.951
2021-06-20;3.2
2021-06-21;3.517
2021-06-22;3.509
2021-06-23;3.931
2021-06-24;6.602
2021-06-25;5.001
2021-06-26;3.595
2021-06-27;3.62
2021-06-28;7.545
2021-06-29;12.55
2021-06-30;12.49
2021-07-01;13.757
2021-07-02;10.655
2021-07-03;8.908
2021-07-04;7.62
2021-07-05;6.934
2021-07-06;6.257
2021-07-07;6.01
2021-07-08;5.084
2021-07-09;5.295
2021-07-10;4.562
2021-07-11;5.424
2021-07-12;4.277
2021-07-13;18.939
2021-07-14;15.99
2021-07-15;25.365
2021-07-16;24.419
2021-07-17;20.801
2021-07-18;16.839
2021-07-19;12.543
2021-07-20;10.337
2021-07-21;8.438
2021-07-22;7.319
2021-07-23;6.406
2021-07-24;5.614
2021-07-25;6.675
2021-07-26;5.037
2021-07-27;4.41
2021-07-28;4.358
2021-07-29;3.557
2021-07-30;3.205
2021-07-31;2.943
2021-08-01;5.71
2021-08-02;4.151
2021-08-03;4.098
2021-08-04;3.869
2021-08-05;3.704
2021-08-06;3.549
2021-08-07;4.32
2021-08-08;4.087
2021-08-09;3.153
2021-08-10;2.743
2021-08-11;2.466
2021-08-12;2.248
2021-08-13;2.063
2021-08-14;1.947
2021-08-15;1.85
2021-08-16;1.862
2021-08-17;2.421
2021-08-18;1.881
2021-08-19;1.763
2021-08-20;1.647
2021-08-21;1.541
2021-08-22;1.626
2021-08-23;1.601
2021-08-24;1.469
2021-08-25;1.369
2021-08-26;1.343
2021-08-27;1.45
2021-08-28;1.444
2021-08-29;2.194
2021-08-30;2.648
2021-08-31;2.018
2021-09-01;1.64
2021-09-02;1.401
2021-09-03;1.263
2021-09-04;1.187
2021-09-05;1.147
2021-09-06;1.156
2021-09-07;1.086
2021-09-08;1.024
2021-09-09;0.975
2021-09-10;0.945
2021-09-11;0.986
2021-09-12;0.885
2021-09-13;0.835
2021-09-14;0.818
2021-09-15;1.534
2021-09-16;2.281
2021-09-17;1.424
2021-09-18;1.124
2021-09-19;1.444
2021-09-20;1.706
2021-09-21;1.298
2021-09-22;1.161
2021-09-23;1.035
2021-09-24;1.258
2021-09-25;1.157
2021-09-26;1.168
2021-09-27;1.001
2021-09-28;1.379
2021-09-29;1.019
2021-09-30;1.024
2021-10-01;0.889
2021-10-02;0.804
2021-10-03;0.735
2021-10-04;1.24
2021-10-05;1.995
2021-10-06;1.691
2021-10-07;1.548
2021-10-08;1.258
2021-10-09;1.106
2021-10-10;1.004
2021-10-11;0.976
2021-10-12;1.036
2021-10-13;1.428
2021-10-14;1.089
2021-10-15;0.991
2021-10-16;0.921
2021-10-17;0.831
2021-10-18;0.766
2021-10-19;0.701
2021-10-20;0.637
2021-10-21;2.318
2021-10-22;2.17
2021-10-23;1.424
2021-10-24;1.169
2021-10-25;1.056
2021-10-26;0.966
2021-10-27;0.902
2021-10-28;0.866
2021-10-29;0.819
2021-10-30;0.792
2021-10-31;0.8
2021-11-01;3.345
2021-11-02;2.487
2021-11-03;2.906
2021-11-04;3.324
2021-11-05;3.194
2021-11-06;2.738
2021-11-07;2.467
2021-11-08;2.359
2021-11-09;2.046
2021-11-10;1.853
2021-11-11;1.721
2021-11-12;1.609
2021-11-13;1.551
2021-11-14;1.966
2021-11-15;1.558
2021-11-16;1.444
2021-11-17;1.376
2021-11-18;1.297
2021-11-19;1.276
2021-11-20;1.224
2021-11-21;1.181
2021-11-22;1.174
2021-11-23;1.132
2021-11-24;1.073
2021-11-25;1.07
2021-11-26;1.061
2021-11-27;1.196
2021-11-28;1.083
2021-11-29;1.094
2021-11-30;1.138
2021-12-01;3.045
2021-12-02;5.693
2021-12-03;3.551
2021-12-04;17.324
2021-12-05;18.252
2021-12-06;10.952
2021-12-07;8.197
2021-12-08;8.802
2021-12-09;7.199
2021-12-10;6.72
2021-12-11;6.248
2021-12-12;5.364
2021-12-13;5.398
2021-12-14;5.536
2021-12-15;5.504
2021-12-16;5.189
2021-12-17;4.862
2021-12-18;4.498
2021-12-19;4.164
2021-12-20;3.846
2021-12-21;3.526
2021-12-22;3.152
2021-12-23;3.074
2021-12-24;7.158
2021-12-25;9.921
2021-12-26;9.392
2021-12-27;10.303
2021-12-28;12.625
2021-12-29;14.44
2021-12-30;19.458
2021-12-31;15.837
2022-01-01;12.348
2022-01-02;10.45
2022-01-03;9.005
2022-01-04;13.091
2022-01-05;19.426
2022-01-06;14.59
2022-01-07;11.717
2022-01-08;10.222
2022-01-09;9.811
2022-01-10;8.381
2022-01-11;7.339
2022-01-12;6.558
2022-01-13;5.914
2022-01-14;5.614
2022-01-15;5.299
2022-01-16;4.855
2022-01-17;4.423
2022-01-18;4.084
2022-01-19;3.836
2022-01-20;3.735
2022-01-21;3.407
2022-01-22;3.215
2022-01-23;3.047
2022-01-24;2.907
2022-01-25;2.791
2022-01-26;2.671
2022-01-27;2.55
2022-01-28;2.563
2022-01-29;2.401
2022-01-30;2.62
2022-01-31;2.951
2022-02-01;3.019
2022-02-02;7.493
2022-02-03;10.373
2022-02-04;9.043
2022-02-05;8.596
2022-02-06;7.489
2022-02-07;14.659
2022-02-08;10.383
2022-02-09;8.658
2022-02-10;7.854
2022-02-11;9.711
2022-02-12;8.168
2022-02-13;7.42
2022-02-14;7.365
2022-02-15;7.17
2022-02-16;8.638
2022-02-17;17.844
2022-02-18;15.937
2022-02-19;14.115
2022-02-20;10.657
2022-02-21;10.598
2022-02-22;9.606
2022-02-23;9.141
2022-02-24;8.307
2022-02-25;8.134
2022-02-26;7.291
2022-02-27;6.783
2022-02-28;6.22
2022-03-01;5.753
2022-03-02;5.465
2022-03-03;5.037
2022-03-04;4.621
2022-03-05;4.235
2022-03-06;3.896
2022-03-07;3.575
2022-03-08;3.353
2022-03-09;3.202
2022-03-10;3.02
2022-03-11;2.887
2022-03-12;2.805
2022-03-13;2.709
2022-03-14;2.687
2022-03-15;2.667
2022-03-16;2.761
2022-03-17;2.804
2022-03-18;2.855
2022-03-19;2.694
2022-03-20;2.54
2022-03-21;2.413
2022-03-22;2.302
2022-03-23;2.197
2022-03-24;2.097
2022-03-25;2.021
2022-03-26;1.941
2022-03-27;1.891
2022-03-28;1.852
2022-03-29;1.808
2022-03-30;2.106
2022-03-31;2.636
2022-04-01;3.086
2022-04-02;2.613
2022-04-03;2.263
2022-04-04;2.154
2022-04-05;2.461
2022-04-06;3.518
2022-04-07;4.668
2022-04-08;13.315
2022-04-09;16.889
2022-04-10;11.742
2022-04-11;9.514
2022-04-12;7.901
2022-04-13;6.862
2022-04-14;5.983
2022-04-15;5.308
2022-04-16;4.67
2022-04-17;4.134
2022-04-18;3.736
2022-04-19;3.396
2022-04-20;3.089
2022-04-21;2.894
2022-04-22;2.733
2022-04-23;2.604
2022-04-24;3.698
2022-04-25;4.923
2022-04-26;5.845
2022-04-27;3.973
2022-04-28;3.289
2022-04-29;2.963
2022-04-30;2.777
2022-05-01;2.626
2022-05-02;2.452
2022-05-03;2.421
2022-05-04;2.337
2022-05-05;2.571
2022-05-06;3.944
2022-05-07;2.611
2022-05-08;2.27
2022-05-09;2.078
2022-05-10;1.924
2022-05-11;1.777
2022-05-12;1.677
2022-05-13;2.404
2022-05-14;1.837
2022-05-15;1.59
2022-05-16;1.595
2022-05-17;1.474
2022-05-18;1.327
2022-05-19;1.243
2022-05-20;1.162
2022-05-21;1.894
2022-05-22;1.227
2022-05-23;1.379
2022-05-24;1.265
2022-05-25;1.092
2022-05-26;1.005
2022-05-27;0.929
2022-05-28;0.89
2022-05-29;0.869
2022-05-30;0.83
2022-05-31;0.767
2022-06-01;0.725
2022-06-02;0.725
2022-06-03;0.703
2022-06-04;0.824
2022-06-05;1.099
2022-06-06;0.922
2022-06-07;1.354
2022-06-08;1.01
2022-06-09;2.33
2022-06-10;1.314
2022-06-11;0.863
2022-06-12;0.758
2022-06-13;1.155
2022-06-14;0.712
2022-06-15;0.593
2022-06-16;0.528
2022-06-17;0.453
2022-06-18;0.386
2022-06-19;0.345
2022-06-20;0.327
2022-06-21;0.334
2022-06-22;0.489
2022-06-23;0.703
2022-06-24;1.683
2022-06-25;0.684
2022-06-26;0.637
2022-06-27;1.148
2022-06-28;0.63
2022-06-29;0.542
2022-06-30;0.602
2022-07-01;3.16
2022-07-02;1.114
2022-07-03;0.644
2022-07-04;0.52
2022-07-05;0.457
2022-07-06;0.411
2022-07-07;0.386
2022-07-08;0.375
2022-07-09;0.337
2022-07-10;0.315
2022-07-11;0.293
2022-07-12;0.295
2022-07-13;0.244
2022-07-14;0.227
2022-07-15;0.213
2022-07-16;0.214
2022-07-17;0.203
2022-07-18;0.192
2022-07-19;0.161
2022-07-20;0.191
2022-07-21;0.24
2022-07-22;0.168
2022-07-23;0.148
2022-07-24;0.145
2022-07-25;0.123
2022-07-26;0.116
2022-07-27;0.12
2022-07-28;0.132
2022-07-29;0.145
2022-07-30;0.128
2022-07-31;0.117
2022-08-01;0.133
2022-08-02;0.124
2022-08-03;0.106
2022-08-04;0.094
2022-08-05;0.086
2022-08-06;0.093
2022-08-07;0.101
2022-08-08;0.092
2022-08-09;0.084
2022-08-10;0.08
2022-08-11;0.079
2022-08-12;0.075
2022-08-13;0.076
2022-08-14;0.076
2022-08-15;0.148
2022-08-16;0.133
2022-08-17;0.149
2022-08-18;0.78
2022-08-19;2.147
2022-08-20;0.319
2022-08-21;0.213
2022-08-22;0.161
2022-08-23;0.141
2022-08-24;0.119
2022-08-25;0.107
2022-08-26;0.219
2022-08-27;0.343
2022-08-28;0.234
2022-08-29;0.153
2022-08-30;0.428
2022-08-31;0.738
2022-09-01;0.195
2022-09-02;0.144
2022-09-03;0.285
2022-09-04;0.179
2022-09-05;0.135
2022-09-06;0.135
2022-09-07;0.136
2022-09-08;0.347
2022-09-09;0.257
2022-09-10;0.596
2022-09-11;0.396
2022-09-12;0.241
2022-09-13;0.191
2022-09-14;0.742
2022-09-15;0.931
2022-09-16;1.165
2022-09-17;1.025
2022-09-18;0.909
2022-09-19;0.502
2022-09-20;0.383
2022-09-21;0.324
2022-09-22;0.292
2022-09-23;0.274
2022-09-24;0.265
2022-09-25;0.269
2022-09-26;0.453
2022-09-27;2.526
2022-09-28;5.78
2022-09-29;3.559
2022-09-30;1.885
2022-10-01;1.737
2022-10-02;2.527
2022-10-03;4.933
2022-10-04;2.583
2022-10-05;1.788
2022-10-06;1.375
2022-10-07;1.1
2022-10-08;0.889
2022-10-09;0.757
2022-10-10;0.663
2022-10-11;0.581
2022-10-12;0.54
2022-10-13;0.507
2022-10-14;0.721
2022-10-15;11.008
2022-10-16;5.23
2022-10-17;3.282
2022-10-18;2.5
2022-10-19;2.029
2022-10-20;1.717
2022-10-21;3.787
2022-10-22;7.508
2022-10-23;4.22
2022-10-24;5.06
2022-10-25;4.088
2022-10-26;3.142
2022-10-27;2.679
2022-10-28;2.257
2022-10-29;1.949
2022-10-30;1.73
2022-10-31;1.566
2022-11-01;1.576
2022-11-02;1.358
2022-11-03;1.344
2022-11-04;2.084
2022-11-05;2.29
2022-11-06;1.876
2022-11-07;1.63
2022-11-08;1.443
2022-11-09;2.162
2022-11-10;2.554
2022-11-11;1.96
2022-11-12;1.797
2022-11-13;1.676
2022-11-14;1.615
2022-11-15;1.562
2022-11-16;2.424
2022-11-17;3.873
2022-11-18;6.199
2022-11-19;5.91
2022-11-20;4.971
2022-11-21;5.561
2022-11-22;5.04
2022-11-23;4.464
2022-11-24;4.993
2022-11-25;4.642
2022-11-26;4.45
2022-11-27;3.949
2022-11-28;3.671
2022-11-29;3.435
2022-11-30;3.173
2022-12-01;2.868
2022-12-02;2.654
2022-12-03;2.484
2022-12-04;2.42
2022-12-05;2.249
2022-12-06;2.061
2022-12-07;1.973
2022-12-08;1.861
2022-12-09;1.806
2022-12-10;1.78
2022-12-11;1.63
2022-12-12;1.145
2022-12-13;1.087
2022-12-14;2.525
2022-12-15;3.853
2022-12-16;2.689
2022-12-17;2.117
2022-12-18;1.711
2022-12-19;2.371
2022-12-20;2.444
2022-12-21;5.215
2022-12-22;5.908
2022-12-23;12.876
2022-12-24;14.772
2022-12-25;10.836
2022-12-26;10.806
2022-12-27;11.811
2022-12-28;9.672
2022-12-29;8.649
2022-12-30;9.644
2022-12-31;8.045
2023-01-01;7.019
2023-01-02;6.41
2023-01-03;5.927
2023-01-04;5.439
2023-01-05;5.272
2023-01-06;4.67
2023-01-07;4.277
2023-01-08;5.864
2023-01-09;9.005
2023-01-10;8.032
2023-01-11;9.603
2023-01-12;10.205
2023-01-13;9.415
2023-01-14;8.892
2023-01-15;14.641
2023-01-16;13.551
2023-01-17;11.886
2023-01-18;10.313
2023-01-19;8.708
2023-01-20;7.503
2023-01-21;6.374
2023-01-22;5.724
2023-01-23;5.151
2023-01-24;4.689
2023-01-25;4.305
2023-01-26;4.032
2023-01-27;3.715
2023-01-28;3.407
2023-01-29;3.168
2023-01-30;3.004
2023-01-31;2.85
2023-02-01;2.74
2023-02-02;2.645
2023-02-03;2.601
2023-02-04;5.412
2023-02-05;4.712
2023-02-06;4.204
2023-02-07;3.833
2023-02-08;3.561
2023-02-09;3.336
2023-02-10;3.157
2023-02-11;2.998
2023-02-12;2.898
2023-02-13;2.828
2023-02-14;2.729
2023-02-15;2.682
2023-02-16;2.585
2023-02-17;2.7
2023-02-18;3.081
2023-02-19;2.979
2023-02-20;2.73
2023-02-21;2.584
2023-02-22;2.466
2023-02-23;2.404
2023-02-24;2.41
2023-02-25;3.613
2023-02-26;2.641
2023-02-27;2.352
2023-02-28;2.188
2023-03-01;2.087
2023-03-02;2.029
2023-03-03;1.95
2023-03-04;1.868
2023-03-05;1.792
2023-03-06;1.746
2023-03-07;1.686
2023-03-08;1.799
2023-03-09;4.093
2023-03-10;4.405
2023-03-11;4.456
2023-03-12;3.622
2023-03-13;4.43
2023-03-14;17.587
2023-03-15;12.437
2023-03-16;10.175
2023-03-17;8.676
2023-03-18;7.391
2023-03-19;6.595
2023-03-20;5.954
2023-03-21;5.131
2023-03-22;4.493
2023-03-23;4.05
2023-03-24;5.563
2023-03-25;5.641
2023-03-26;5.75
2023-03-27;7.039
2023-03-28;5.983
2023-03-29;5.435
2023-03-30;6.148
2023-03-31;7.94
2023-04-01;12.763
2023-04-02;12.557
2023-04-03;11.137
2023-04-04;9.586
2023-04-05;8.429
2023-04-06;7.459
2023-04-07;6.727
2023-04-08;6.019
2023-04-09;5.316
2023-04-10;4.729
2023-04-11;4.769
2023-04-12;5.915
2023-04-13;7.635
2023-04-14;5.797
2023-04-15;5.046
2023-04-16;5.689
2023-04-17;5.656
2023-04-18;5.326
2023-04-19;5.011
2023-04-20;5.173
2023-04-21;4.648
2023-04-22;4.192
2023-04-23;3.986
2023-04-24;3.833
2023-04-25;4.761
2023-04-26;4.528
2023-04-27;3.736
2023-04-28;11.949
2023-04-29;9.794
2023-04-30;8.302
2023-05-01;7.804
2023-05-02;6.809
2023-05-03;5.9
2023-05-04;5.188
2023-05-05;6.461
2023-05-06;5.773
2023-05-07;5.828
2023-05-08;7.508
2023-05-09;8.869
2023-05-10;12.056
2023-05-11;10.945
2023-05-12;9.969
2023-05-13;8.842
2023-05-14;8.073
2023-05-15;8.803
2023-05-16;9.317
2023-05-17;8.375
2023-05-18;7.483
2023-05-19;6.767
2023-05-20;6.131
2023-05-21;5.777
2023-05-22;5.354
2023-05-23;4.651
2023-05-24;4.17
2023-05-25;3.752
2023-05-26;3.344
2023-05-27;3.062
2023-05-28;2.84
2023-05-29;2.629
2023-05-30;2.437
2023-05-31;2.252
2023-06-01;2.089
2023-06-02;1.96
2023-06-03;1.915
2023-06-04;1.831
2023-06-05;1.732
2023-06-06;1.657
2023-06-07;1.534
2023-06-08;1.496
2023-06-09;1.411
2023-06-10;1.341
2023-06-11;1.27
2023-06-12;1.173
2023-06-13;1.094
2023-06-14;1.04
2023-06-15;1.01
2023-06-16;0.983
2023-06-17;0.891
2023-06-18;0.834
2023-06-19;0.841
2023-06-20;1.032
2023-06-21;1.211
2023-06-22;1.029
2023-06-23;3.674
2023-06-24;1.183
2023-06-25;0.929
2023-06-26;0.811
2023-06-27;0.749
2023-06-28;0.711
2023-06-29;0.654
2023-06-30;1.56
2023-07-01;1.259
2023-07-02;0.985
2023-07-03;0.757
2023-07-04;0.749
2023-07-05;1.004
2023-07-06;0.749
2023-07-07;0.605
2023-07-08;0.652
2023-07-09;0.531
2023-07-10;0.77
2023-07-11;0.585
2023-07-12;0.997
2023-07-13;0.563
2023-07-14;0.49
2023-07-15;0.607
2023-07-16;1.507
2023-07-17;0.653
2023-07-18;0.538
2023-07-19;0.489
2023-07-20;0.426
2023-07-21;0.413
2023-07-22;0.41
2023-07-23;0.365
2023-07-24;0.982
2023-07-25;0.957
2023-07-26;1.224
2023-07-27;0.677
2023-07-28;0.637
2023-07-29;0.757
2023-07-30;0.559
2023-07-31;0.476
2023-08-01;1.275
2023-08-02;1.797
2023-08-03;2.034
2023-08-04;1.111
2023-08-05;1.001
2023-08-06;3.136
2023-08-07;2.844
2023-08-08;1.666
2023-08-09;1.307
2023-08-10;1.086
2023-08-11;0.909
2023-08-12;0.914
2023-08-13;0.777
2023-08-14;0.96
2023-08-15;0.666
2023-08-16;0.568
2023-08-17;0.531
2023-08-18;0.481
2023-08-19;0.396
2023-08-20;0.367
2023-08-21;0.35
2023-08-22;0.334
2023-08-23;0.317
2023-08-24;1.844
2023-08-25;2.625
2023-08-26;1.477
2023-08-27;1.534
2023-08-28;1.799
2023-08-29;2.144
2023-08-30;1.394
2023-08-31;1.564
2023-09-01;1.519
2023-09-02;1.15
2023-09-03;0.943
2023-09-04;0.813
2023-09-05;0.689
2023-09-06;0.614
2023-09-07;0.567
2023-09-08;0.519
2023-09-09;0.468
2023-09-10;0.436
2023-09-11;0.398
2023-09-12;0.368
2023-09-13;0.5
2023-09-14;0.433
2023-09-15;0.397
2023-09-16;0.374
2023-09-17;0.341
2023-09-18;0.726
2023-09-19;0.559
2023-09-20;0.4
2023-09-21;0.4
2023-09-22;0.892
2023-09-23;0.594
2023-09-24;0.434
2023-09-25;0.38
2023-09-26;0.346
2023-09-27;0.323
2023-09-28;0.298
2023-09-29;0.279
2023-09-30;0.268
2023-10-01;0.27
2023-10-02;0.257
2023-10-03;0.287
2023-10-04;0.375
2023-10-05;0.296
2023-10-06;0.283
2023-10-07;0.261
2023-10-08;0.24
2023-10-09;0.217
2023-10-10;0.216
2023-10-11;0.2
2023-10-12;0.193
2023-10-13;0.187
2023-10-14;0.72
2023-10-15;0.513
2023-10-16;0.334
2023-10-17;0.338
2023-10-18;0.354
2023-10-19;0.385
2023-10-20;0.472
2023-10-21;0.671
2023-10-22;0.413
2023-10-23;0.349
2023-10-24;0.591
2023-10-25;1.163
2023-10-26;3.418
2023-10-27;4.045
2023-10-28;2.565
2023-10-29;1.635
2023-10-30;1.471
2023-10-31;2.513
2023-11-01;2.203
2023-11-02;4.085
2023-11-03;3.678
2023-11-04;2.751
2023-11-05;3.633
2023-11-06;3.611
2023-11-07;3.35
2023-11-08;2.839
2023-11-09;2.595
2023-11-10;4.483
2023-11-11;5.359
2023-11-12;6.477
2023-11-13;13.467
2023-11-14;48.206
2023-11-15;31.909
2023-11-16;22.47
2023-11-17;45.991
2023-11-18;31.266
2023-11-19;31.882
2023-11-20;23.874
2023-11-21;21.273
2023-11-22;17.117
2023-11-23;13.54
2023-11-24;12.326
2023-11-25;11.117
2023-11-26;10.13
2023-11-27;9.617
2023-11-28;12.586
2023-11-29;11.308
2023-11-30;10.234
2023-12-01;12.049
2023-12-02;10.807
2023-12-03;9.114
2023-12-04;8.78
2023-12-05;9.388
2023-12-06;10.856
2023-12-07;9.384
2023-12-08;10.329
2023-12-09;11.63
2023-12-10;21.281
2023-12-11;23.844
2023-12-12;28.535
2023-12-13;39.396
2023-12-14;36.165
2023-12-15;28.455
2023-12-16;22.984
2023-12-17;19.004
2023-12-18;14.805
2023-12-19;12.328
2023-12-20;12.61
2023-12-21;11.119
2023-12-22;18.103
2023-12-23;21.296
2023-12-24;19.118
2023-12-25;15.962
2023-12-26;12.969
2023-12-27;11.225
2023-12-28;9.912
2023-12-29;9.382
2023-12-30;8.552
2023-12-31;8.097
